,Domain,BF,FC,MBFC,MBFC factual,PF,WI,Site Rank,✓s,Wiki,Name
1,100percentfedup.com,,,FN,L,,,101963,,,100 Percent Fed Up
2,10news.one,,,FN,L,,,2688331,,,10News.one
3,12minutos.com,1,,FN,L,,,330294,,,12minutos.com
4,21stcenturywire.com,,,CP,M,,,131699,,,21st Century Wire
5,24aktuelles.com,1,,,,,,1138388,,,Erfinde deine eigenen Witz
6,369news.net,,,CP,M,,,1810968,,,369 News
7,79days.news,,,CP,VL,,,75838,,,Banned.Video
8,911truth.org,,,CP,L,,,900437,,,911Truth.org
9,a-news24.com,,,,,fake-news,,7351803,,,A news24
10,aapsonline.org,,,FN,L,,,266505,,W,Association of American Physicians and Surgeons
11,abcbusinessnews.com,,,FN,M,,,20000000,,,Experience Awareness (AbcBusinessNews.com)
12,abovetopsecret.com,,,CP,L,,,25965,,,Above Top Secret
13,acpeds.org,,,FN,M,,,397145,,W,American College of Pediatricians
14,activistpost.com,,,CP,L,,,65871,,,Activist Post
15,actualite.co,1,,,,,,456065,,,Fais une blague et piège tes amis!
16,adflegal.org,,,FN,L,,,235690,,W,Alliance Defending Freedom
17,adobochronicles.com,1,,S,,,,924833,,,Adobo Chronicles
18,ae911truth.org,,,CP,M,,,218567,,W,Architects & Engineers for 9/11 Truth
19,afa.net,,,FN,L,,,258741,,W,American Family Association
20,aim4truth.org,,,CP,M,,,199732,,,American Intelligence Media
21,albawaba.com,,,FN,M,,,33631,,W,Al Bawaba
22,alexanderhiggins.com,,,CP,M,,,6355919,,,Higgins News Network
23,allianceforadvancedhealth.com,,,CP,M,,,690779,,,Alliance for Advanced Health
24,allnewspipeline.com,,,FN,L,,,119886,,,All News Pipeline
25,alphanewsmn.com,,,FN,L,,,316986,,,Alpha News
26,alt-market.com,,,CP,M,,,243083,,,Alt-Market
27,alternativenews.com,,,CP,L,,,2828101,,,AlternativeNews.com
28,althealthworks.com,,,CP,L,,,411488,,,AltHealth Works
29,america.cgtn.com,,,FN,M,,,15296,,W,China Global Television Network
30,americanactionnews.com,,,FN,M,,,206202,,,American Action News
31,americandigitalnews.com,,,CP,M,,,1324818,,,American Digital News
32,americanfreepress.net,,,CP,L,,,460516,,W,American Free Press
33,americanjournalreview.com,,1,FN,L,,,322527,,,American Journal Review
34,americanlookout.com,,,FN,L,,,399717,,,American Lookout
35,americanpatriotdaily.com,,,FN,M,,,158425,,,American Patriot Daily
36,americanpeopledaily.com,,,FN,L,,,678656,,,American People Daily
37,americanprinciplesproject.org,,,FN,L,,,7206620,,W,American Principles Project
38,americansfortruth.com,,,FN,VL,,,3649691,,W,Americans for Truth about Homosexuality
39,americanthinker.com,,,FN,L,,,15496,,W,American Thinker
40,americantruthtoday.com,,,FN,L,,,546805,,,American Truth Today
41,americasfreedomfighters.com,,1,FN,VL,,,768287,,,Americas Freedom Fighters
42,amren.com,,,FN,L,,,65466,,W,American Renaissance Magazine
43,amtvmedia.com,,,CP,L,,,1000462,,,Alternative Media Television (AMTV)
44,analyzingamerica.org,,,FN,M,,,83911,,,Analyzing America
45,ancient-code.com,,,CP,M,,,62611,,,Ancient Code
46,ancient-origins.net,,,CP,M,,,24718,,,Ancient Origins
47,anh-usa.org,,,CP,M,,,1006389,,W,Alliance for Natural Health (ANH-USA)
48,anonews.co,,,FN,M,,,113649,,,Anonymous News
49,anonhq.com,,,CP,VL,,,173716,,,We are Anonymous
50,apost.com,,,CP,M,,,37273,,,Apost.com
51,arabnews.com,,,FN,M,,,8905,,,Arab News
52,archaeology-world.com,,,FN,M,,,759769,,,Archaeology World
53,asia-pacificresearch.com,,,CP,M,,,1270568,,,Asia-Pacific Research
54,assassinationscience.com,,,CP,L,,,4276349,,,Assassination Science
55,auburntimes.com,,,FN,M,,,20000000,,,Auburn Times
56,australiannationalreview.com,,,CP,L,,,1716654,,,Australian National Review
57,autismspeaks.org,,,CP,M,,,54894,,,Autism Speaks
58,avoiceformen.com,,,FN,L,,,214865,,W,A Voice for Men
59,awarenessact.com,,,CP,L,some-fake,,55285,,,Awareness Act
60,awm.com,,,FN,M,,,175711,,,American Web Media
61,baldwintimes.com,,,FN,M,,,20000000,,,Baldwin Times
62,banned.video,,,CP,VL,,,8218,,,Banned.Video
63,barenakedislam.com,,,FN,L,,,122795,,,Bare Naked Islam
64,basnews.com,,,FN,M,,,20000000,,,Basnews Agency
65,bb4sp.com,,,FN,L,fake-news,,487623,,,BB4SP
66,bdnews24.com,,,FN,M,,,1913,,W,BDNews24
67,bebest.website,1,,,,,,3088170,,,Be Best Website
68,beforeitsnews.com,,,FN,L,fake-news,1,16416,,W,Before It's News
69,beholdisrael.org,,,CP,M,,,451662,,,Behold Israel
70,benjaminfulford.typepad.com,,,,,fake-news,,1303795,,,BenjaminFulford
71,biggovernment.news,,,CP,VL,,,3877485,,W,Big Government News
72,bigleaguepolitics.com,,,FN,L,,,88039,,W,Big League Politics
73,billionbibles.org,,,FN,VL,,,943925,,,BillionBibles.org
74,biodefense.com,,,CP,VL,,,20000000,,,BioDefense
75,biologos.org,,,CP,M,,,250459,,W,Biologos Foundation
76,bipartisanreport.com,,,FN,M,,,135565,,,Bipartisan Report
77,bitchute.com,,,FN,VL,,,2060,,W,BitChute
78,blackeyepolitics.com,,,FN,L,,,648994,,,Black Eye Politics
79,blackgenocide.org,,,FN,L,,,3251119,,,Black Genocide
80,blacklistednews.com,,,CP,M,,,59268,,,Blacklisted News
81,blacknews.com,,,FN,M,,,227541,,,BlackNews.com
82,blingnews.com,,1,FN,L,,,3966576,,,Blingnews.com
83,bluntforcetruth.com,,,FN,L,,,430699,,,Blunt Force Truth
84,bongino.com,,,FN,M,,,76865,,W,Bongino.com
85,bossip.com,,,FN,M,,,31982,,W,Bossip
86,bostonleader.com,1,,,,parody,,20000000,,,Boston Leader
87,breaking911.com,,,FN,VL,,,107352,,,Breaking911
88,breakingchristiannews.com,,,FN,L,,,850195,,,Breaking Christian News
89,breakingfirst.com,,,FN,L,,,1098222,,,Breaking First
90,breakingnews247.net,1,,,,imposter,,577109,,,Breakingnews247.net
91,breakingnews365.net,1,,,,imposter,,971245,,,Prank your friends!
92,breakingwide.com,,,FN,M,,,5824733,,,Breaking Wide
93,breitbart.com,,,FN,M,,,311,,W,Breitbart
94,brightside.me,,,CP,M,,,4170,,,BrightSide
95,buffalochronicle.com,,,FN,M,,,1050268,,,The Buffalo Chronicle
96,bugout.news,,,CP,VL,,,20000000,,W,Bugout.news
97,burrardstreetjournal.com,1,,S,,,,180706,,,Burrard Street
98,bvanews.com,,,,,,1,20000000,,W,BVA News
99,cair.com,,,FN,M,,,421183,,W,Council for American-Islamic Relations (CAIR)
100,caixinglobal.com,,,FN,M,,,99673,,W,Caixin Global
101,caldronpool.com,,,FN,M,,,292368,,W,Caldron Pool
102,campusinsanity.com,,,CP,VL,,,20000000,,W,CampusInsanity
103,canadafreepress.com,,,FN,L,,,136099,,,Canada Free Press
104,cancer.news,,,CP,VL,,,20000000,,W,Cancer.news
105,cannasos.com,,,,,some-fake,,177513,,,CannaSOS.com
106,cap-news.com,,,FN,VL,,,7164955,,,Cap News
107,carm.org,,,CP,L,,,91110,,W,Christian Apologetics & Research Ministry (CARM)
108,catholic.org,,,CP,M,,,25219,,,Catholic Online
109,cei.org,,,FN,L,,,341823,,W,Competitive Enterprise Institute
110,censored.news,,,FN,L,,,341119,,,Censored.news
111,centerforsecuritypolicy.org,,,FN,M,,,553149,,W,Center for Security Policy
112,cernovich.com,,,FN,M,,,326066,,,Cerno (Cernovich.com)
113,cfact.org,,,CP,L,,,538026,,W,The Committee for a Constructive Tomorrow (CFACT)
114,channel18news.com,1,,,,imposter,,17745559,,,Channel 18 News
115,channel22news.com,1,,,,,,1995169,,,Create A Prank
116,channel23news.com,1,1,,,,,3744426,,,Prank Generator
117,channel24news.com,1,,,,imposter,,522442,,,Create A Prank
118,channel28news.com,1,,,,,,2058792,,,Prank Generator - Channel28News.com
119,channel33news.com,1,,,,,,20000000,,,Channel 33 News
120,channel34news.com,1,,,,,,1768544,,,Create A Prank!
121,channel40news.com,1,,,,,,6932065,,,Create A Prank
122,channel45news.com,1,,,,,,818010,,,Create A Prank News Article!
123,channel46news.com,1,,,,,,7072690,,,Channel 46 News
124,charismanews.com,,,CP,M,,,72325,,,Charisma News
125,childrenshealthdefense.org,,,CP,L,,,78475,,W,Children's Health Defense
126,chinadaily.com.cn,,,FN,M,,,350,,W,China Daily
127,chlorellafactor.com,,,CP,VL,,,20000000,,W,Chlorella Factor
128,christianaction.org,,,FN,L,,,500176,,W,Christian Action Network
129,christianscience.com,,,CP,L,,,178497,,W,Christian Science
130,churchmilitant.com,,,FN,M,,,62430,,,Church Militant
131,cityworldnews.com,,,FN,VL,,,16006975,,,CityWorldNews
132,clarionproject.org,,,FN,L,,,208275,,W,Clarion Project
133,clashdaily.com,,,FN,L,fake-news,,160053,,,Clash Daily
134,climate.news,,,FN,VL,,,5384066,,W,Climate.News
135,climatechangedispatch.com,,,CP,L,,,782598,,,Climate Change Dispatch
136,climatedepot.com,,,CP,M,,,194394,,,Climate Depot
137,climatism.blog,,,CP,L,,,1160373,,,Climatism
138,cloverchronicle.com,,,FN,L,,,1065138,,,Clover Chronicle
139,cnn-globalnews.com,1,,FN,VL,,,20000000,,,cnn-globalnews.com
140,cnoticias.net,1,,,,,,6761342,,,Faça sua piada de maneira rápida!
141,cnsnews.com,,,FN,L,,,33402,,W,CNS News
142,coasttocoastam.com,,,CP,L,,,22966,,W,Coast to Coast AM
143,collapse.news,,,CP,VL,,,2494406,,W,Collapse.News
144,collective-evolution.com,,,CP,L,,,24058,,,Collective Evolution
145,concernedwomen.org,,,FN,L,,,1264653,,W,Concerned Women for America
146,consciouslifenews.com,,,CP,M,,,220946,,,Conscious Life News
147,conservapedia.com,,,FN,M,,,117145,,W,Conservapedia
148,conservativeammo.com,,,FN,L,,,2874905,,,Conservative Ammo
149,conservativeangle.com,,1,,,,,1014393,,,Conservative Angle
150,conservativebeaver.com,,,FN,VL,,,20000000,,,Conservative Beaver
151,conservativedailypost.com,,,FN,L,fake-news,,52389,,,Conservative Daily Post
152,conservativefiringline.com,,,FN,M,,,264618,,,Conservative Firing Line
153,conservativefreepress.com,,,FN,L,,,498141,,,Conservative Free Press
154,conservativefrontline.com,,,,,,1,6013622,,W,Conservative Frontline
155,conservativepapers.com,,,FN,M,,,3996576,,,The Conservative Papers
156,conservativepost.com,,1,FN,L,,,775568,,,Conservative Post
157,conspiracydailyupdate.com,,,CP,L,,,376327,,,Conspiracy Daily Update
158,consumerwellness.org,,,CP,VL,,,4350479,,,Consumer Wellness Center
159,corbettreport.com,,,CP,L,,,93466,,,The Corbett Report
160,cosmicintelligenceagency.com,,,CP,L,,,237380,,,Cosmic Intelligence Agency
161,counterpsyops.com,,,CP,M,,,8299903,,,CounterPsyOps
162,counterthink.com,,,CP,VL,,,6181565,,W,CounterThink.com
163,creation.com,,,CP,L,,,55961,,,Christian Ministries International
164,csglobe.com,,,CP,L,,,1263204,,,CS Globe
165,curiousmindmagazine.com,,,CP,L,,,122023,,,Curious Mind Magazine
166,daily-vine.com,,1,,,,,5097256,,,Daily Vine
167,dailybuzzlive.com,,,FN,VL,fake-news,1,1425259,,W,Daily Buzz Live
168,dailygrail.com,,,CP,M,,,724153,,,Daily Grail
169,dailyheadlines.net,,,FN,L,,,428808,,,Daily Headlines
170,dailyhealthpost.com,,,CP,L,,,142158,,,DailyHealthPost
171,dailyoccupation.com,,,CP,L,,,722179,,,Daily Occupation
172,dailypoliticalnewswire.com,,,FN,M,,,352105,,,Daily Political Newswire
173,dailystar.co.uk,,,FN,M,,,3185,,,Daily Star UK
174,dailysurge.com,,,R,M,fake-news,,16209212,,,Daily Surge
175,dailyworldupdate.us,1,,S,,,,932265,,,Daily World Update
176,darkjournalist.com,,,CP,L,,,764232,,,Dark Journalist
177,dataasylum.com,,,CP,L,,,2507356,,,Data Asylum
178,davidharrisjr.com,,,FN,L,,,164309,,,David Harris Jr
179,davidicke.com,,,CP,VL,,,36009,,,David Icke
180,davidwolfe.com,,,CP,M,,,78507,,W,David Wolfe
181,dcbluedot.com,,,FN,M,,,20000000,,,DC Blue Dot
182,dcclothesline.com,,,FN,L,,,144327,,,The DC Clothesline
183,dcdirtylaundry.com,,,FN,VL,,,78280,,,DC Dirty Laundry
184,dcgazette.com,,,FN,L,,1,3708726,,W,DC Gazette
185,debka.com,,,FN,M,,,35567,,W,DEBKAfile
186,decaturtimes.com,,,FN,M,,,2310667,,,Decatur Times
187,deepleftfield.info,,,FN,M,,,613479,,,Deep Left Field
188,defiantamerica.com,,,FN,L,,,2691233,,,Defiant America
189,democraticunderground.com,,,L,M,fake-news,,19913,,W,Democratic Underground
190,democrats.org,,,FN,M,,,20000000,,W,Democratic National Committee
191,deplorablekel.com,,,FN,L,,,467402,,,Deplorable Kel
192,digifection.com,,,FN,L,,,658363,,,The Times of America
193,disclose.tv,,,CP,L,fake-news,1,27647,,W,Disclose TV
194,discoverthenetworks.org,,,FN,L,,,689724,,W,Discover the Networks
195,discovery.org,,,CP,L,,,393423,,W,Discovery Institute
196,disobedientmedia.com,,,CP,M,,,20000000,,,Disobedient Media
197,distributednews.com,,,CP,VL,,,138257,,,Hang The Censors
198,djhjmedia.com,,,FN,L,,,37321,,,BitChute
199,dnyuz.com,,,FN,M,,,30995,,,Dnyuz
200,doctoroz.com,,,CP,M,,,52098,,W,DoctorOz.com (Dr. Oz)
201,draxe.com,,,CP,M,,,12077,,,Dr. Axe
202,earthpulse.com,,,CP,L,,,3286750,,,Earthpulse Press
203,ecalabamanews.com,,,FN,M,,,20000000,,,East Central Alabama News
204,ecology.news,,,CP,VL,,,4189190,,W,Ecology News
205,economictimes.indiatimes.com,,,FN,M,,,131,,W,The Economic Times
206,educate-yourself.org,,,CP,VL,,,189941,,,Educate Yourself
207,educateinspirechange.org,,,CP,M,,,294654,,,Educate Inspire Change
208,electroverse.net,,,CP,L,,,335147,,,Electroverse
209,eluxemagazine.com,,,CP,M,,,191922,,,Eluxe Magazine
210,emirates247.com,,,FN,M,,,128214,,W,Emirates 24/7
211,empireherald.com,1,,FN,L,imposter,1,15343499,,W,Empire Herald
212,empirenews.net,1,1,S,,parody,1,498926,,W,Empire News
213,empiresports.co,1,,S,,parody,1,4026928,,W,Empire Sports News
214,en-bref.fr,1,,,,,,7480299,,,Fais une blague et piège tous tes amis.
215,en-volve.com,,1,FN,VL,fake-news,,326775,,,En-volve
216,en.mediamass.net,1,,,,,,37098,,,MediaMass
217,en.mehrnews.com,,,FN,M,,,820,,W,Mehr News Agency
218,en.metapedia.org,,,FN,L,,,60690,,W,Metapedia
219,en.newsner.com,,,FN,VL,,,60852,,,Newsner
220,endthefed.org,,,FN,L,,,1917909,,,End the Fed
221,eng.majalla.com,,,FN,M,,,278283,,W,The Majalla
222,english.alarabiya.net,,,FN,M,,,2345,,W,Al Arabiya
223,english.cctv.com,,,FN,M,,,3048,,W,CCTV International
224,escapeallthesethings.com,,,CP,L,,,1117542,,,Escape all these Things
225,eugenics.news,,,CP,VL,,,4619005,,,Eugenics.News
226,eutimes.net,,,CP,M,,,746635,,,The European Union Times
227,everylegalvote.com,,,FN,L,,,61873,,,Every Legal Vote
228,everytown.org,,,FN,M,,,366221,,W,Everyday for Gun Safety
229,evil.news,,,FN,L,,,9016680,,W,Evil.News
230,evolutionnews.org,,,CP,L,,,147408,,,Evolution News and Views
231,ewg.org,,,CP,M,,,26761,,,Environmental Working Group (EWG)
232,explainlife.com,,,FN,VL,,,240818,,,Explain Life
233,extraordinaryinfo.com,,,CP,M,,,20000000,,,Extraordinary News
234,fabiosa.com,,,CP,M,,,204983,,,Fabiosa
235,factcheckingturkey.com,,,FN,M,,,6994900,,,Fact Checking Turkey
236,factswanted.com,,,FN,M,,,9932405,,,Facts Wanted
237,fairus.org,,,FN,L,,,149084,,W,The Federation for American Immigration Reform
238,faithit.com,,,CP,M,,,182695,,,Faithit
239,faithpanda.com,,,CP,M,,,743721,,,FaithPanda
240,familysurvivalheadlines.com,,,FN,M,,,4880857,,,Family Survival Headlines
241,fellowshipoftheminds.com,,1,CP,L,,,109424,,,Fellowship of the Minds
242,femalista.com,,,FN,M,,,734753,,,Femalista
243,filmingcops.com,,,FN,M,,,1751997,,,Filming Cops
244,firstpost.com,,,RC,MF,some-fake,,1691,,,First Post
245,flagandcross.com,,,FN,M,,,20000000,,,Flag & Cross
246,focusonthefamily.com,,,FN,L,,,33829,,W,Focus on the Family
247,food.news,,,CP,VL,,,2704667,,W,Food.News
248,foodbabe.com,,,CP,M,,,150530,,W,Food Babe
249,foodmatters.com,,,CP,M,,,105894,,W,Food Matters
250,foreverconscious.com,,,CP,L,,,189774,,,Forever Conscious
251,fortherightnews.com,,,FN,L,,,4561531,,,For the Right News
252,foxnews-us.com,1,,,,,,20000000,,,FoxNews-Us
253,frc.org,,,FN,L,,,171433,,W,Family Research Council
254,freedom.news,,,CP,VL,,,20000000,,W,Freedom.News
255,freedomadvocates.org,,,CP,L,,,5095191,,,Freedom Advocates
256,freedomainradio.com,,,CP,M,,,332816,,W,Freedomain Radio
257,freedomdaily.com,,,FN,L,fake-news,,8199533,,,Freedom Daily
258,freedomnewsreport.com,,,FN,M,,,687681,,,Freedom News Report
259,freeinfomedia.com,,,,,fake-news,,17756656,,,FI Article Marketing
260,freerepublic.com,,,R,M,some-fake,,21575,,W,Free Republic
261,freetelegraph.com,,,FN,M,,,14254667,,W,The Free Telegraph
262,freewoodpost.com,1,,S,,parody,,3000587,,W,Free Wood Post
263,friatider.se,,,FN,L,,,146672,,,Fria Tider
264,friendsofscience.org,,,CP,M,,,1262721,,W,Friends of Science
265,fromthetrenchesworldreport.com,,,CP,L,,,361089,,,From the Trenches World Report
266,front.moveon.org,,,FN,M,,,43140,,W,MoveOn
267,frontpagemag.com,,,FN,L,,,53181,,W,FrontPage Magazine
268,fury.news,,,FN,VL,,,7548165,,,Fury News
269,gadsdentoday.com,,,FN,M,,,20000000,,,Gadsden Today
270,gaia.com,,,CP,L,,,18355,,,Gaia
271,gatestoneinstitute.org,,,FN,M,,,50930,,W,Gatestone Institute
272,gellerreport.com,,1,FN,L,,,83508,,W,Geller Report
273,geoengineering.news,,,CP,VL,,,20000000,,W,Geoengineering.News
274,geoengineeringwatch.org,,,CP,L,,,218564,,,GeoEngineering Watch
275,geopol.institute,,,FN,L,,,1584225,,,Geopolitical Studies Institute
276,geopolitics.co,,,CP,M,,,165644,,,Covert Geopolitics
277,getholistichealth.com,,,CP,L,,,288994,,,Get Holistic Health
278,ghost.report,,,FN,M,,,2229481,,,Ghost.Report
279,glitch.news,,,CP,VL,,,4703013,,,Glitch.News
280,globalhealingcenter.com,,,CP,M,,,70844,,W,Global Healing Center
281,globalinfotoday.com,,,FN,L,,,20000000,,,Global Info Today
282,globalresearch.ca,,,CP,L,,1,26012,,W,Global Research
283,globalskywatch.com,,,CP,L,,,1422431,,,Global Skywatch
284,globaltimes.cn,,,FN,M,,,33176,,W,Global Times
285,globemagazine.com,,,FN,VL,,,2751943,,,Globe Magazine
286,gmo.news,,,CP,VL,,,20000000,,W,GMO.News
287,gmwatch.org,,,CP,M,,,282877,,,GMWatch
288,gnews.org,,,FN,L,,,22665,,,Gnews
289,godandscience.org,,,CP,L,,,549935,,,Evidence for God from Science
290,godfatherpolitics.com,,,FN,M,,,258003,,,Godfather Politics
291,godlikeproductions.com,,,CP,L,,,12222,,,Godlike Productions
292,goodgopher.com,,,FN,VL,,,413031,,,GoodGopher
293,goop.com,,,CP,L,,,13260,,W,Goop
294,gop.com,,,FN,M,,,20000000,,W,Republican National Committee
295,gop.gov,,,FN,M,,,510971,,W,House Republican Conference
296,gossipmillsa.com,,,,,,1,9091240,,W,Gossip Mill Mzansi
297,gotquestions.org,,,CP,L,,,6153,,,Got Questions
298,govtslaves.com,,,CP,L,,,20000000,,,Government Slaves
299,grainoftruth.ca,,,FN,VL,,,1827170,,,Grain of Truth
300,greanvillepost.com,,,CP,M,,,499040,,,The Greanville Post
301,greatamericandaily.com,,,FN,L,,,282103,,,Great American Daily
302,greatamericanrepublic.com,,,FN,L,,,4166209,,,Great American Republic
303,greenmedinfo.com,,,CP,L,,,55143,,,GreenMedInfo
304,greenpeace.org,,,CP,M,,,20834,,W,Greenpeace
305,greenvillegazette.com,,,L,L,,,3724708,,,Greenville Gazette
306,grunge.com,,,FN,M,,,35477,,W,Grunge.com
307,gucmakale.com,,,FN,M,,,983355,,,Gucmakale
308,gulagbound.com,,,CP,L,,,2485234,,,Gulag Bound
309,gulfnews.com,,,FN,M,,,1956,,,Gulf News
310,halturnerradioshow.com,,,,,,1,91611,,W,Hal Turner Radio Show
311,hangthebankers.com,,,FN,L,,,596098,,,Hang The Bankers
312,hannity.com,,,FN,L,,,69187,,W,Sean Hannity
313,hardnews.network,,,FN,M,,,5309912,,,Hard News
314,headtopics.com,,,FN,M,,,27008,,,Head Topics
315,healingfoodreference.com,,,CP,VL,,,2981377,,,Healing Food Reference
316,healingoracle.ch,,,CP,VL,,,1132882,,,Healing Oracle
317,health.news,,,CP,VL,,,957767,,W,Health.News
318,healthimpactnews.com,,,CP,L,,,184109,,,Health Impact News
319,healthnutnews.com,,,CP,VL,,,85465,,,Health Nut News
320,healthranger.com,,,CP,VL,,,2517608,,,The Health Ranger
321,healthrangerreport.com,,,CP,VL,,,20000000,,W,Health Ranger Report
322,healthy-holistic-living.com,,,CP,L,,,61516,,,Healthy Holistic Living
323,healthyandnaturalworld.com,,,CP,M,,,20000000,,,Healthy and Natural World
324,healthyfoodhouse.com,,,CP,L,,,41171,,,Healthy Food House
325,heartland.org,,,FN,L,,,314281,,W,Heartland Institute
326,heightpost.com,,,,,some-fake,,5380203,,,Heightpost
327,hellochristian.com,,,CP,M,,,764264,,,Hello Christian
328,herb.co,,,CP,M,,,88711,,,Herb
329,herbreference.com,,,CP,VL,,,4217904,,,Herbreference.com
330,higherperspectives.com,,,CP,M,some-fake,,54574,,,Higher Perspective
331,hoggwatch.com,,,FN,L,,,3451464,,W,Hogg Watch
332,home.nra.org,,,FN,M,,,92522,,W,National Rifle Association
333,hotglobalnews.com,1,,,,,,20000000,,,westchester county ny pest control
334,hsionline.com,,,CP,L,,,648601,,,Health Sciences Institute
335,humansarefree.com,,,CP,L,,,96003,,,Humans are Free
336,huntsvilleleader.com,,,FN,M,,,20000000,,,Huntsville Leader
337,huzlers.com,1,,S,,parody,1,119984,,W,Huzlers
338,iceagenow.info,,,CP,L,,,434235,,,Ice Age Now
339,icr.org,,,CP,VL,,,114323,,,Institute for Creation Research (IRC)
340,iflscience.com,,,CP,M,,,18089,,,IFL Science
341,ifyouonlynews.com,,,FN,VL,,,1975929,,,If You Only News
342,iharare.com,,,FN,M,,,20000000,,,iHarare
343,ihatethemedia.com,,,FN,L,,,1238104,,,I Hate the Media
344,ihealthtube.com,,,CP,L,,,804636,,,iHealthtube.com
345,iheartintelligence.com,,,CP,M,,,10386,,,I Heart Intelligence
346,ihr.org,,,FN,VL,,,335362,,W,Institute for Historical Review (IHR)
347,ihypocrite.net,,,FN,M,,,5903604,,,"I, Hypocrite"
348,illegalaliencrimereport.com,,,FN,M,,,2931970,,,Illegal Alien Crime Report
349,illicitinfo.com,,,FN,L,,,269313,,,Illicit Info
350,illuminati-news.com,,,CP,L,,,923580,,,Illuminati News
351,illuminatiwatcher.com,,,CP,L,,,544983,,,Illuminati Watcher
352,ilovemyfreedom.org,,,FN,VL,,,61855,,,I love my Freedom
353,imowired.com,,,FN,VL,,,4144569,,,IMOwired
354,independentminute.com,,,,,some-fake,,329671,,,Independent Minute
355,independentsciencenews.org,,,CP,M,,,1587315,,W,Independent Science News
356,independentsentinel.com,,,FN,M,,,32468,,,Independent Sentinel
357,indiatimes.com,,,RC,M,some-fake,,214,,,Indiatimes
358,infiniteunknown.net,,,CP,L,,,549776,,,Infinite Unknown
359,infogalactic.com,,,FN,L,,,107104,,W,InfoGalactic
360,informationclearinghouse.info,,,CP,M,,,51166,,,Information Clearing House
361,informationliberation.com,,,FN,L,,,92020,,,Information Liberation
362,inforos.ru,,,FN,L,,,564067,,,InfoRos.ru
363,infoscum.com,,,FN,M,,,20000000,,,InfoScum
364,infowars.com,,1,CP,VL,,1,4158,,W,Infowars
365,ingredients.news,,,CP,VL,,,9416739,,W,Ingredients.News
366,innerstrength.zone,,,FN,M,,,137635,,,Inner Strength Zone -
367,intellihub.com,,,CP,L,,,151112,,,Intellihub
368,investmentwatchblog.com,,,CP,M,,,48592,,,Investment Watch Blog
369,iowaclimate.org,,,CP,L,,,5736613,,,Iowa Climate Science Education
370,israelislamandendtimes.com,,,CP,M,,,827742,,,"Israel, Islam and End Times"
371,jeffersonreporter.com,,,FN,M,,,20000000,,,Jefferson Reporter
372,jesus-is-savior.com,,,CP,L,,,125795,,,Jesus is Savior
373,jesusdaily.com,,,CP,L,,,445389,,,Jesus Daily
374,joebiden.news,,,CP,VL,,,3704017,,,Joe Biden News
375,judicialwatch.org,,,FN,L,,,52168,,W,Judicial Watch
376,judithcurry.com,,,CP,M,,,376765,,,Climate Etc
377,junkscience.com,,,CP,L,,,671381,,,JunkScience.com
378,justthefacts.org,,,FN,M,,,6463472,,,Just the Facts
379,knowledgeoftoday.org,,,CP,L,,,1231221,,,Knowledge of Today
380,krbcnews.com,1,,,,,,20000000,,,KRBC News
381,kupr7.com,1,,,,,,20000000,,,持っていると仕事に役立つ？
382,ladiesofliberty.net,1,,S,,,,20000000,,,Ladies of Liberty
383,lancastercourier.com,,,FN,M,,,404514,,,Lancaster Courier
384,larouchepac.com,,,CP,L,,,151717,,W,LaRouche PAC
385,latitudes.org,,,CP,M,,,689648,,,ACN Latitudes
386,lawenforcementtoday.com,,,R,M,,1,57080,,W,Law Enforcement Today
387,learntherisk.org,,,CP,VL,,,1015206,,W,LearnTheRisk.org
388,leftaction.com,,,FN,L,,,2899350,,,Left Action
389,leftcult.com,,,CP,VL,,,3357840,,,LeftCult
390,leftexposed.org,,,FN,L,,,2647658,,,Left Exposed
391,legitgov.org,,,CP,M,,,2155919,,,Citizens for Legitimate Government
392,lewrockwell.com,,,FN,M,,,43237,,W,Lew Rockwell
393,liberty.news,,,CP,VL,,,3754007,,W,Liberty.News
394,libertybell.com,,,FN,L,,,20000000,,,Liberty Bell
395,libertyhangout.org,,,R,L,,,671279,,W,Liberty Hangout
396,libertytalk.fm,,,FN,M,,,3602893,,,Liberty Talk.fm
397,libertyvideos.org,,,CP,L,,,16953997,,,Liberty Videos
398,libtards.news,,,CP,VL,,,8087318,,W,Libtards.News
399,lifespa.com,,,CP,L,,,108758,,,LifeSpa
400,liveaction.org,,,CP,M,,,96565,,,Live Action
401,livestrong.com,,,CP,M,,,2079,,,Livestrong.com
402,livingwhole.org,,,CP,M,,,1316034,,,Living Whole
403,londonwebnews.com,,1,FN,L,some-fake,,9122758,,,London Web News
404,loonwatch.com,,,FN,L,,,3630876,,,LoonWatch
405,lucianne.com,,,FN,M,,,47344,,W,Lucianne.com
406,madworldnews.com,,,FN,L,fake-news,,154163,,,Mad World News
407,magadailyreport.com,,,FN,M,,,708860,,,MAGA Daily Report
408,magapill.com,,,FN,M,,,559773,,,MagaPill
409,mainerepublicemailalert.com,,1,,,,,937664,,,Maine Republic Email Alert
410,mediafactwatch.com,,,CP,M,,,15306721,,W,Media Fact Watch
411,mediaroots.org,,,CP,M,,,1148796,,W,Media Roots
412,medicalmedium.com,,,CP,L,,,87680,,W,Medical Medium
413,medicine.news,,,CP,L,,,5074305,,W,Medicine News
414,medusamagazine.com,,,CP,M,,,3079017,,,Medusa Magazine
415,meforum.org,,,FN,L,,,218826,,W,Middle East Forum
416,memri.org,,,FN,M,,,185431,,W,Middle East Media Research Institute (Memri)
417,mentor2day.com,,,,,some-fake,,10973795,,,Mentor 2Day
418,mercola.com,,,CP,L,,,6133,,W,Mercola
419,merica1st.com,,,FN,L,,,946379,,,National Conservative
420,metricmedianews.com,,,FN,M,,,1107293,,W,Metric Media
421,middleamericandemocrat.com,,,FN,M,,,6408215,,,Middle American Democrat
422,mindbodygreen.com,,,CP,M,,,8876,,,MindBodyGreen
423,mixi.media,,,FN,L,,,42288,,,Mixi.Media
424,mobilecourant.com,,,FN,M,,,20000000,,,Mobile Courant
425,modernalternativemama.com,,,CP,M,,,851872,,,Modern Alternative Mama
426,moonbattery.com,,,FN,L,,,317014,,,MoonBattery
427,morning-herald.com,,1,,,,,20000000,,,Morning Herald
428,msmlies.com,,,FN,M,,,20000000,,,MSMLies.com
429,myrightamerica.com,,,FN,L,,,10467000,,,My Right American
430,nachrichten365.com,1,,,,,,8272370,,,Erfinde deine eigenen Witz
431,natall.com,,,FN,VL,,,2928699,,W,National Alliance
432,nation.com.pk,,,RC,H,some-fake,,27655,,,The Nation Pakistan
433,nationaleconomicseditorial.com,,,FN,L,,,1649565,,,National Economics Editorial
434,nationalenquirer.com,,,FN,L,,,55172,,W,National Enquirer
435,nationalfile.com,,,CP,L,,,51619,,,National File
436,nationalpolicy.institute,,,FN,L,,,20000000,,W,National Policy Institute
437,nationalreport.net,1,,S,,parody,1,1253919,,W,National Report
438,nationalrighttolifenews.org,,,FN,L,,,1014698,,,NRL News Today
439,nationalsecurity.news,,,CP,VL,,,8581318,,W,NationalSecurity.News
440,nationalvanguard.org,,,FN,VL,,,138165,,W,National Vanguard
441,naturalcures.com,,,CP,M,,,1114625,,,Natural Cures
442,naturalhealth365.com,,,CP,M,,,74953,,,Natural Health 365
443,naturallysavvy.com,,,CP,M,,,219102,,,Naturally Savvy
444,naturalmedicine.news,,,CP,VL,,,3935491,,W,NaturalMedicine.News
445,naturalnews.com,,,CP,VL,,1,18138,,W,Natural News
446,naturalnewsblogs.com,,,CP,VL,,,289298,,W,NaturalNewsBlogs
447,naturalnewsradio.com,,,CP,VL,,,3023044,,W,Natural News Radio
448,naturalpedia.com,,,CP,VL,,,1054871,,W,NaturalPedia.com
449,naturalsociety.com,,,CP,M,,,298426,,,Natural Society
450,navarroreport.com,,,FN,L,,,290190,,W,The Navarro Report
451,nealabamanews.com,,,FN,M,,,20000000,,,NE Alabama Courant
452,needtoknow.news,,,CP,L,,,145567,,,Need to Know
453,neonnettle.com,1,1,CP,L,fake-news,1,66999,,W,Neon Nettle
454,net-infosnews.com,1,,,,,,4425604,,,"Raconte l'actualité du jour,"
455,newamericannews.com,,,CP,M,,,13193223,,,New American News
456,newnation.org,,,FN,VL,,,1929909,,,New Nation News
457,news4ktla.com,1,,,,imposter,,3885663,,,News4KTLA
458,newsammo.com,,,FN,M,,,191309,,,NewsAmmo
459,newsbiscuit.com,1,,S,,,,572926,,W,News biscuit
460,newsblaze.com,,,FN,M,,,237782,,W,News Blaze
461,newsbreak.com,,,FN,M,,,2539,,,News Break
462,newsbud.com,,,CP,M,,,593604,,W,Newsbud
463,newsexaminer.net,1,,,,fake-news,1,2892385,,W,NewsExaminer.net
464,newsfeedhunter.com,1,1,FN,L,fake-news,,20000000,,,News Feed Hunter
465,newsheist.com,,,FN,L,,,6804930,,,News Heist
466,newsinsideout.com,,,CP,L,,,1684680,,,News Inside Out
467,newsjustforyou1.blogspot.com,,,,,fake-news,,2599057,,,News Just For You
468,newslo.com,1,,,,parody,,8303904,,,NewsLo
469,newsmax.com,,,FN,M,,,7923,,,Newsmax
470,newspunch.com,1,1,FN,VL,,1,158612,,W,News Punch
471,newspushed.com,,,FN,L,,,362232,,,News Pushed
472,newstarget.com,,,CP,L,,,143501,,W,News Target
473,newswars.com,,,FN,L,,,63937,,,NewsWars
474,newswithviews.com,,,FN,L,,,196438,,,News with Views
475,newzmagazine.com,,,,,fake-news,,1216466,,,Newz Magazine
476,nextnewsnetwork.com,,,FN,M,,1,932987,,,Next News Network
477,nordicmonitor.com,,,FN,M,,,346658,,W,Nordic Monitor
478,northbirminghamtimes.com,,,FN,M,,,20000000,,,North Birmingham Times
479,notallowedto.com,1,,FN,L,fake-news,,978627,,,Not Allowed to
480,noticias-frescas.com,1,,,,,,597404,,,"Crear una broma, una noticia"
481,notizzia.com,1,,,,,,12131440,,,Crea La Tua Barzelletta Rapidamente!
482,notrickszone.com,,,CP,L,,,521247,,,NoTricksZone
483,now8news.com,1,,FN,VL,imposter,1,1741848,,W,Now8News
484,nowtheendbegins.com,,,CP,L,,,70636,,,Now The End Begins
485,npr.news,,,CP,VL,,,5528157,,,NPR News
486,nrlc.org,,,FN,L,,,1688241,,W,National Right to Life Committee
487,nutrientreference.com,,,CP,VL,,,20000000,,,NutrientReference.com
488,nutritionfacts.org,,,CP,M,,,26133,,W,Nutritionfacts.org
489,nvic.org,,,CP,L,,,169286,,W,National Vaccine Information Institute
490,oann.com,,,FN,L,,,44743,,W,One America News Network
491,oathkeepers.org,,,FN,L,,,285785,,W,Oath Keepers
492,occupydemocrats.com,,,FN,L,,,1078213,,W,Occupy Democrats
493,odishatv.in,,,,,,1,55173,,W,Odisha Latest News Today
494,off-guardian.org,,,CP,M,,,114892,,,OffGuardian
495,onepoliticalplaza.com,,,,,fake-news,,1030961,,,One Political Plaza
496,oreillypost.com,1,,,,,,20000000,,,Oreilly Post
497,organicconsumers.org,,,CP,L,,,159175,,W,Organic Consumers Association
498,organicfacts.net,,,CP,M,,,130435,,,Organic Facts
499,other98.com,,,FN,L,,,1203733,,,The Other 98%
500,outragedpatriot.com,,,FN,L,,,225821,,,Outraged Patriot
501,overpassesforamerica.com,,,FN,L,,,7167184,,,Overpasses for America
502,oye.news,,,CP,L,,,1793791,,,Oye.news
503,pacificpundit.com,,,FN,L,,,718857,,,Pacific Pundit
504,pakalertpress.com,,,CP,L,,,5023384,,,Pak Alert Press
505,pandemic.news,,,CP,VL,,,227086,,W,Pandemic News
506,pantsonfirenews.com,,,FN,L,,,344493,,,Pants on Fire News
507,parler.com,,,FN,L,,,816,,W,Parler
508,patribotics.blog,,,FN,L,,,402918,,W,Patribotics Blog
509,patriotcrier.com,,,,,fake-news,,3794223,,,Patriot Crier
510,patriotfires.com,,,FN,L,,,18546520,,,Patriot Fires
511,patrioticviralnews.com,,,FN,L,,,382673,,,Patriotic Viral News
512,patriotjournal.org,,,FN,M,,,130225,,,Patriot Journal
513,patriots4truth.org,,,CP,VL,,,1774180,,,Patriots For Truth
514,pcmustdie.com,,,FN,L,,,1586293,,,PC Must Die News
515,pdmj.org,,,CP,VL,,,668616,,,Primary Doctor Medical Journal
516,perezhilton.com,,,FN,M,,,10051,,W,Perez Hilton
517,personalliberty.com,,,FN,L,,,785189,,,Personal Liberty
518,peta.org,,,CP,M,,,19834,,W,PETA
519,pjmedia.com,,,FN,M,,,9988,,W,PJ Media
520,politicsonline.net,,,FN,L,,,4352561,,,PoliticsOnline.net
521,politifact.news,,,FN,L,,,16319992,,,Poltifact News
522,pollution.news,,,CP,VL,,,1392194,,,Pollution News
523,pop.org,,,FN,L,,,622251,,W,Population Research Institute
524,populartechnology.net,,,CP,M,,,1915244,,,Popular Technology
525,populist.press,,,FN,L,,,20077,,,Populist Press
526,postcard.news,,,,,some-fake,,101999,,,Post Card News
527,postillon.com,,1,,,,,8934043,,,The Postillion
528,powderedwigsociety.com,,,FN,L,,,1281466,,,Powdered Wig Society
529,prageru.com,,,FN,L,,,70515,,W,PragerU
530,pravdareport.com,,,FN,VL,,,95427,,W,Pravda Report
531,prepareforchange.net,,,CP,L,,,150007,,,Prepare for Change
532,pressfortruth.ca,,,CP,M,,,1129244,,,Press for Truth
533,presstv.com,,,FN,L,,,9605,,W,Press TV
534,pressunion.org,1,,,,,,7477660,,,Press Union
535,prevention.com,,,CP,M,,,14952,,,Prevention Magazine
536,principia-scientific.org,,,CP,L,,,445805,,,Principia Scientific International
537,prisonplanet.com,,,CP,VL,,,62113,,W,Prison Planet
538,prntly.com,,,FN,L,fake-news,1,623406,,W,Prntly
539,profam.org,,,FN,L,,,8988247,,,International Organization for the Family (IOF)
540,progressivestoday.com,,,FN,L,,,20000000,,,Progressives Today
541,projectveritas.com,,,FN,M,,,331982,,,Project Veritas
542,prophecynewswatch.com,,,CP,L,,,236817,,,Prophecy News Watch
543,prophecytoday.com,,,CP,L,,,1021648,,,Prophecy Today
544,propornot.com,,,CP,M,,,2048899,,W,Prop or Not
545,protothema.gr,,,FN,M,,,1301,,W,Proto Thema
546,protrumpnews.com,,,FN,L,,,218607,,,Pro Trump News
547,qanon.pub,,,CP,VL,,,44694,,,QAnon.pub
548,quillette.com,,,FN,M,,,26446,,W,Quillette
549,randpaul.news,,,CP,VL,,,20000000,,,RandPaul.News
550,rapturenewsnetwork.com,,,CP,L,,,4761272,,,Rapture News Network
551,rawconservativeopinions.com,,,FN,M,,,106672,,,Raw Conservative Opinions
552,realclimatescience.com,,,CP,L,,,299724,,,Real Climate Science
553,realfarmacy.com,,,CP,L,,,85569,,,RealFarmacy
554,realjewnews.com,,,CP,L,,,432297,,,Real Jew News
555,realnews24.com,,,CP,L,,,2902001,,,Real News 24
556,realnewsrightnow.com,1,1,S,,parody,,1351510,,,Real News Right Now
557,realrawnews.com,,,FN,VL,,,151997,,,Real Raw News
558,rearfront.com,,,,,fake-news,,67808,,,RearFront
559,redbluedivide.com,,,FN,M,,,4013083,,,Red Blue Divide
560,redice.tv,,,FN,L,,,172575,,W,Red Ice TV
561,redorbit.com,,,FN,M,,,152645,,,Red Orbit
562,redoubtnews.com,,,CP,M,,,1890064,,,Redoubt News
563,redstate.com,,,FN,M,,,26717,,,RedState
564,redstatewatcher.com,,,FN,L,,,87773,,,Red State Watcher
565,redwhiteandright.com,,,FN,L,,,8531849,,,"Red, White and Right"
566,remnantnewspaper.com,,,FN,L,,,369830,,W,The Remnant Newspaper
567,renewamerica.com,,,FN,L,,,493605,,W,Renew America
568,rense.com,,,CP,VL,,,40996,,W,Rense
569,researchantisemitism.ca,,,FN,L,,,20000000,,,Center for Research of Radicalism and National Security
570,responsibletechnology.org,,,CP,M,,,386678,,,Institute for Responsible Technology
571,returnofkings.com,,,FN,L,,,27269,,,Return of Kings
572,returntonow.net,,,CP,L,,,73190,,,Return to Now
573,revolutionradio.org,,,CP,L,,,2550078,,,Revolution Radio
574,revolver.news,,,FN,M,,,31224,,,Revolver.News
575,righterway.com,,,FN,L,,,20000000,,,Righter Way
576,rightsidenews.com,,,FN,L,,,1164585,,,Right Side News
577,rightsmarts.com,,,FN,M,,,4231707,,,Right Smarts
578,rightwing.news,,,FN,L,,,2311878,,,Right Wing News (rightwing.news)
579,rightwingnews.com,,,FN,L,,,385679,,,Right Side News
580,rightwingtribune.com,,1,FN,L,,,320218,,,Right Wing Tribune
581,rinf.com,,,FN,L,,,1537065,,W,RINF
582,riverregiontimes.com,,,FN,M,,,20000000,,,River Region Times
583,rogue-nation3.com,,,,,fake-news,,5808163,,,Rogue Nation
584,rt.com,,,FN,VL,,,294,,W,RT News
585,rudaw.net,,,FN,M,,,4448,,W,Rudaw
586,rumble.com,,,FN,L,,,1304,,W,Rumble
587,ruptly.tv,,,FN,M,,,52641,,W,Ruptly
588,rushlimbaugh.com,,,FN,VL,,,31084,,W,The Rush Limbaugh Show
589,russia-insider.com,,,FN,L,,,22909,,W,Russia Insider
590,ruthinstitute.org,,,FN,M,,,2516823,,W,Ruth Institute
591,sanevax.org,,,CP,L,,,1527914,,,SaneVax
592,savethemales.ca,,,CP,L,,,857663,,,Henry Makow (savethemales.ca)
593,science.news,,,CP,VL,,,2584116,,,Science.News
594,sciencetimes.com,,,FN,M,,,67073,,,The Science Times
595,sciencevibe.com,,,CP,M,,,270173,,,Science Vibe
596,scrapetv.com,1,,,,,,8365247,,,ScrapeTV
597,secondamendmentdaily.com,,,FN,L,,,402550,,,2nd Amendment Daily News
598,secureamericanow.org,,,FN,M,,,2069947,,W,Secure America Now
599,sgtreport.com,,,CP,L,,,81343,,,SGT Report
600,sheepkillers.com,,,CP,L,,,20000000,,,Sheep Killers
601,shoalstoday.com,,,FN,M,,,5741535,,,Shoals Today
602,shoebat.com,,,CP,L,,,234007,,W,Shoebat
603,shtfplan.com,,,FN,M,,,71239,,,SHTFplan.com
604,sickchirpse.com,,,FN,VL,,,184898,,,Sick Chirpse
605,skeptiko.com,,,CP,VL,,,574910,,,Skeptiko
606,smag31.com,,,,,some-fake,,1960449,,,Smag
607,smobserved.com,,,FN,L,,,974694,,,Santa Monica Observer
608,snopes.news,,,CP,VL,,,20000000,,,Snopes News
609,sohu.com,,,FN,M,,,7,,W,"Sohu,com"
610,sonsof1776.com,,,FN,L,,,1031627,,,Sons of 1776
611,sott.net,,,CP,L,,,24484,,,Signs of the Times
612,southafricatoday.net,,,FN,M,,,151504,,,South Africa Today
613,southfront.org,,,CP,L,,,37014,,,South Front
614,space.news,,,CP,M,,,4584279,,W,Space.News
615,sputniknews.com,,,FN,VL,,,630,,W,Sputnik
616,squawker.org,,,FN,L,,,4140731,,,Squawker
617,staresattheworld.com,,,FN,L,,,2208490,,,Stares at the World
618,stateofthenation.co,,,FN,L,,,20000000,,,State of the Nation
619,stateofthenation2012.com,,,FN,L,,,108514,,,State of the Nation 2012
620,steadfastandloyal.com,,,FN,L,,,318774,,,Steadfast and Loyal
621,stfnreport.com,,,FN,M,,,20000000,,,Stranger than Fiction News
622,stgeorgegazette.com,,1,S,,fake-news,1,19566617,,W,St. George Gazette
623,stillnessinthestorm.com,,,CP,L,some-fake,,84068,,,Stillness in the Storm
624,stonecoldtruth.com,,,FN,L,,,375390,,,Stone Cold Truth
625,stormcloudsgathering.com,,,CP,L,,,1295672,,,Storm Clouds Gathering
626,stormfront.org,,,CP,VL,,,53395,,W,Stormfront
627,straightstoned.com,1,,,,,,16718003,,,Straight Stoned
628,strategic-culture.org,,,FN,VL,,,138978,,,Strategic Culture Foundation
629,stream.org,,,CP,M,,,112819,,,The Stream
630,stuppid.com,1,1,S,,,1,905939,,W,Stuppid
631,summit.news,,,FN,L,,,50818,,,Summit News
632,sundaypost.org,1,,,,,,2927381,,,SunDayPost
633,superstation95.com,1,,,,,1,9091864,,,Super Station 95
634,supplementreference.com,,,CP,VL,,,5487696,,,SupplementReference.com
635,survivalblog.com,,,FN,L,,,133874,,W,SurvivalBlog.com
636,sustainablepulse.com,,,CP,L,,,585841,,,Sustainable Pulse
637,swampdrain.com,,,FN,L,,,1175192,,,SwampDrain.com
638,swarajyamag.com,,,FN,L,,,18044,,W,Swarajya
639,swprs.org,,,CP,M,,,20000000,,W,Swiss Policy Research
640,syrianews.cc,,,FN,L,,,878865,,,Syria News
641,takimag.com,,,FN,L,,,70587,,W,Taki's Magazine
642,talknetwork.com,,,CP,VL,,,20000000,,,TalkNetwork.com
643,tasnimnews.com,,,FN,M,,,1458,,W,Tasnim News Agency
644,tass.com,,,FN,M,,,23577,,W,TASS Russian News Agency
645,tbdailynews.com,,,FN,M,,,141718,,,TB Daily News
646,teaparty.org,,,FN,L,some-fake,,69876,,,Tea Party Inc.
647,teapartypatriots.org,,,FN,M,,,834488,,W,Tea Party Patriots
648,technocracy.news,,,CP,VL,,,163980,,,Technocracy News
649,techstartups.com,,,FN,M,,,49914,,,Tech Startups
650,tehrantimes.com,,,FN,M,,,40821,,W,The Tehran Times
651,tfp.org,,,FN,L,,,535195,,W,"American Society for the Defense of Tradition, Family, and Property"
652,the-postillon.com,,1,S,,parody,,812751,,,The Postillion
653,theamericanmirror.com,,,FN,L,,,41184,,,The American Mirror
654,theantimedia.com,,,CP,M,,,556119,,,The Anti-Media
655,thebeardedpatriot.com,,,FN,L,,,690029,,,The Bearded Patriot
656,thebeltwayreport.com,,,FN,M,,,412614,,,The Beltway Report
657,thebigriddle.com,,,,,some-fake,,5451790,,,The Big Riddle
658,thebl.com,,,FN,M,,,340971,,,TheBL
659,theblacksphere.net,,,FN,M,,,262204,,,The Blacksphere
660,thebreakingnews.com,,,FN,L,,,7086220,,,The Breaking News
661,thecommonsenseshow.com,,,CP,VL,,,86879,,,The Common Sense Show
662,theconservativebrief.com,,,FN,M,,,470471,,,The Conservative Brief
663,theconservativecentral.com,,,FN,L,,,4442184,,,The Conservative Central
664,theconservativetreehouse.com,,1,FN,L,some-fake,,20132,,,The Last Refuge
665,thedailybell.com,,,FN,L,,,552145,,,The Daily Bell
666,thedailyconspiracy.com,,,CP,L,,,561490,,,The Daily Conspiracy
667,thedailysheeple.com,,,CP,L,,,106904,,,The Daily Sheeple
668,thedcpatriot.com,,,FN,L,,,20000000,,,The DC Patriot
669,theduran.com,,,FN,L,,,52229,,,The Duran
670,theepochtimes.com,,,FN,M,,,456,,,The Epoch Times
671,thefakenewsgenerator.com,1,,,,,,715604,,,The Fake News Generator
672,thefederalistpapers.org,,,FN,L,,,138049,,,The Federalist Papers Project
673,theforbiddenknowledge.com,,,CP,L,,,4664670,,,The Forbidden Knowledge
674,thefreedomtimes.com,,,FN,L,,,1178635,,,The Freedom Times
675,thefreethoughtproject.com,,,CP,L,,,37928,,,Free Thought Project
676,thefullertoninformer.com,,,CP,VL,,,241178,,,The Fullerton Informer
677,thegatewaypundit.com,,,FN,L,some-fake,1,7661,,W,The Gateway Pundit
678,thegoldwater.com,,,FN,L,,,357615,,,The Goldwater
679,thehealthyamerican.org,,,CP,VL,,,316856,,,The Healthy American
680,theheartysoul.com,,,CP,M,,,55938,,W,The Hearty Soul
681,thehighwire.com,,,CP,L,,,331493,,,The Highwire
682,thehornnews.com,,,FN,L,,,78597,,,The Horn
683,thelastlineofdefense.online,,,#N/A,#N/A,#N/A,,,#N/A,,#N/A
684,thelastlineofdefense.org,1,1,S,,parody,,1990739,,,The Last Line of Defense
685,thelaughclub.net,,,FN,L,,,719565,,,The Laugh Club
686,thelibertybeacon.com,,,CP,L,,,481121,,,The Liberty Beacon
687,thelibertydaily.com,,,FN,M,,,28147,,,The Liberty Daily
688,themillenniumreport.com,,,FN,L,,,141466,,,The Millennium Report
689,themindunleashed.com,,,CP,L,,,55312,,,The Mind Unleashed
690,thenational.ae,,,FN,M,,,12882,,,The National (UAE)
691,thenationalmarijuananews.com,,,,,some-fake,,431920,,,TNM News
692,thenationalpatriot.com,,,FN,L,,,5285941,,,The National Patriot
693,thenationalpulse.com,,,FN,M,,,5208990,,,The National Pulse
694,thenet24h.com,,,,,fake-news,,902202,,,TheNet24h
695,thenewsnerd.com,1,,S,,,1,5389954,,W,The News Nerd
696,thenochill.com,1,,,,,,4036393,,,TheNoChill
697,thepoliticalinsider.com,,,FN,L,some-fake,,54712,,,Political Insider
698,theproudliberal.org,,,FN,M,,,19229418,,,The Proud Liberal
699,thepublicdiscourse.com,,,FN,L,,,231465,,W,Witherspoon Institute
700,theracketreport.com,1,,S,,fake-news,,16400069,,W,The Racket Report
701,thereisnews.com,1,,S,,,,155021,,,There is News
702,thereligionofpeace.com,,,FN,L,,,208662,,,The Religion of Peace
703,therightstuff.biz,,,FN,VL,,,36434,,,The Right Stuff
704,therooster.com,,,,,some-fake,,172709,,,Rooster Magazine
705,therundownlive.com,,,CP,L,,,7394713,,,The Rundown Live
706,thesmokersclub.com,,,,,some-fake,,1061377,,,The Smokers Club
707,thesolexchange.com,,,,,some-fake,,16637687,,,The SoleXchange
708,thespectator.info,,,FN,VL,,,1515768,,,TheSpectator.info
709,thetrumpet.com,,,CP,M,,,73966,,,The Trumpet
710,thetruthaboutcancer.com,,,CP,L,,,48603,,,The Truth about Cancer
711,thetruthseeker.co.uk,,,CP,L,,,75766,,,The Truth Seeker
712,theunionjournal.com,,,FN,L,,,92758,,,The Union Journal
713,thevalleyreport.com,1,,,,,,1755492,,,The Valley Report
714,thewashingtonstandard.com,,,FN,L,,,81447,,,The Washington Standard
715,thieme.de,,,CP,M,,,36823,,,Homeopathy Journal
716,thinkamericana.com,,,FN,L,,,331448,,,Think Americana
717,thinkinghumanity.com,,,CP,L,,,121377,,,Thinking Humanity
718,thinkingmomsrevolution.com,,,CP,L,,,761315,,,Thinking Mom's Revolution
719,thoughtcatalog.com,,,CP,M,,,5888,,,Thought Catalog
720,thoughtcrimeradio.net,,,CP,L,,,3286305,,,Thought Crime Radio
721,thrivemovement.com,,,CP,L,,,372738,,,Thrive Movement
722,timesofcambodia.com,1,,,,,,20000000,,,Glücksspiel Deutschland
723,tmzworldnews.com,1,,,,fake-news,,1985666,,,TMZ World News
724,toddstarnes.com,,,FN,M,,,132361,,,Todd Starnes
725,toofab.com,,,FN,M,,,10862,,,TooFab
726,torontotoday.net,,,FN,L,,,315206,,,Toronto Today
727,toutelinfo.fr,1,,,,,,6960378,,,Raconte l'actualité du jour
728,townhall.com,,,FN,M,,,7249,,,Townhall
729,tplnews.com,,,FN,M,,,9948039,,,TPL News
730,tpusa.com,,,FN,L,,,506498,,W,Turning Point USA
731,treason.news,,,CP,VL,,,1580032,,,Treason News
732,trendingpolitics.com,,,FN,M,,,37652,,,Trending Politics
733,triggerreset.net,,,FN,L,,,7474885,,,Trigger Reset
734,trueactivist.com,,,FN,L,,,178800,,,Center for Immigration Studies
735,truepundit.com,,,CP,L,,,22078,,,True Pundit
736,trueviralnews.com,,,FN,L,,,1045548,,,True Viral News
737,trump.news,,,FN,L,,,2667495,,W,Trump.News
738,trumptrainnews.com,,,FN,M,,,137086,,,Trump Train News
739,trunews.com,,,CP,L,,,224850,,W,TruNews
740,truthandaction.org,,,FN,L,,,455179,,,Truth and Action
741,truthinmedia.com,,,FN,L,,,706903,,W,Truth in Media
742,truthmonitor.com,,,FN,L,,,8419364,,,Truth Monitor
743,truthuncensored.net,,,FN,L,,,1891616,,,Truth Uncensored
744,twisted.news,,,CP,VL,,,20000000,,W,Twisted News
745,ukcolumn.org,,,CP,L,,,267164,,,UK Column
746,unclesamsmisguidedchildren.com,,,FN,L,,,242476,,,Uncle Sam's Misguided Children
747,understandingthethreat.com,,,FN,L,,,1957091,,,Understanding the threat
748,uniteamericafirst.com,,,FN,L,,,287133,,,Unite America First
749,unitedmediapublishing.com,1,,,,,1,9092001,,W,United Media Publishing
750,unz.com,,,FN,L,,,29291,,W,The Unz Review
751,uokhun.uk,1,,,,,,362930,,,U OK Hun?
752,us24news.com,,,FN,L,,,1016124,,,24 News
753,usahitman.com,,,CP,L,,,684861,,,USA Hitman
754,usaisonline.com,,,FN,VL,,,20000000,,,USA is Online
755,usanewshome.com,,,,,fake-news,,17241190,,,USA News Home
756,usanewstoday.com,,,,,fake-news,,14589337,,,USANewsToday.com
757,usapoliticstoday.com,,1,R,M,fake-news,,3186420,,,USA Politics Today
758,usareally.com,,,FN,VL,,,1258926,,,USA Really
759,usasupreme.com,,,FN,VL,fake-news,,9648203,,,USA Supreme
760,usawatchdog.com,,,CP,L,,,145796,,,USAWatchdog.com
761,usbacklash.org,,,FN,VL,,,5982172,,,US Backlash
762,uschronicle.com,,,FN,L,,,451052,,,US Chronicle
763,uslibertywire.com,,,FN,L,,,606948,,,US Liberty Wire
764,uspoln.com,1,,S,,fake-news,,10887937,,,USPOLN
765,ussanews.com,,1,FN,M,,,101190,,,USSA News
766,vaccineimpact.com,,,CP,L,,,162777,,,Vaccine Impact
767,vaccines.news,,,CP,VL,,,718243,,W,Vaccine News
768,vaccinesrevealed.com,,,CP,L,,,288363,,,Vaccines Revealed
769,vactruth.com,,,CP,L,,,1191591,,,VacTruth.com
770,vaxxter.com,,,CP,L,,,256533,,,Vaxxter
771,vdare.com,,,FN,L,,,109719,,W,Vdare
772,veteransfordonaldtrump.com,,,,,fake-news,,2440043,,,Vets for Trump
773,veteranstoday.com,,,CP,VL,,,36989,,,Veterans Today
774,vidmax.com,,,FN,L,,,44301,,,Vidmax
775,vigilantcitizen.com,,,CP,L,,,62302,,,Vigilant Citizen
776,viralcocaine.com,,,FN,L,,,1980136,,,Viral Cocaine
777,viralhatch.com,,,FN,L,,,859520,,,Viral Hatch
778,viralnewsnetwork.net,,,CP,L,,,9419055,,,Viral News Network
779,votefraud.news,,,CP,VL,,,1408130,,,Vote Fraud News
780,wakeup-world.com,,,CP,L,,,119968,,,Wake Up World
781,wakingtimes.com,,,CP,L,,,91606,,,The Waking Times
782,wallbuilders.com,,,FN,L,,,644079,,W,WallBuilders
783,washingtontimes.com,,,FN,M,,,7355,,W,Washington Times
784,wattsupwiththat.com,,,CP,L,,,43516,,W,Watts Up with that
785,waynedupree.com,,,FN,L,,,5122,,,WayneDupree.com
786,wcpm3.com,1,,,,,,8489928,,,WCPM 3 News
787,wearechange.org,,,CP,M,,,487963,,,We are Change
788,westonaprice.org,,,CP,L,,,205392,,W,Weston A. Price Foundation
789,wethepeopledaily.com,,,FN,M,,,735492,,,We The People Daily
790,whale.to,,,CP,L,,,149513,,,Whale.to
791,whatreallyhappened.com,,,CP,M,,,45622,,,What Really Happened
792,whatstheharm.net,,,FN,M,,,3824952,,W,What's the Harm
793,whitehouse.news,,,CP,VL,,,1857487,,,WhiteHouse.News
794,whydontyoutrythis.com,,,CP,L,some-fake,,211779,,,Why Don't You Try This
795,wikiislam.net,,,FN,M,,,173357,,W,WikiIslam
796,wikispooks.com,,,CP,M,,,202613,,,Wikispooks
797,wittheshit.com,1,,,,,,5006142,,,Wittheshit
798,wnd.com,,,FN,L,,,6067,,W,World Net Daily
799,wokesloth.com,,,FN,M,,,299029,,,Woke Sloth
800,womenarehuman.com,,,FN,M,,,695862,,,Women are Human
801,worldaffairsbrief.com,,,CP,VL,,,1750897,,W,World Affairs Brief
802,worlddoctorsalliance.com,,,CP,VL,,,581498,,,World Doctors Alliance
803,worldhealth.net,,,CP,L,,,260256,,,WorldHealth.Net
804,worldnewsdailyreport.com,1,1,S,,parody,1,55491,,W,World News Daily Report
805,worldstarhiphop.com,,,FN,M,,,1997,,W,WorldStarHipHop
806,worldtruth.tv,,,CP,VL,fake-news,1,160990,,W,World Truth TV
807,wtoe5news.com,1,,,,,,7780912,,,WTOE 5NEWS
808,www1.cbn.com,,,CP,M,,,15782,,W,Christian Broadcasting Network
809,x22report.com,,,CP,L,,,172647,,,X22 Report
810,yc.news,,,FN,M,,,588428,,,YourContent
811,yesimright.com,,,FN,L,,,1510426,,,Yes I'm Right
812,zenith.news,,,FN,L,,,1350732,,,Zenith News
813,zerohedge.com,,,CP,L,,,1812,,W,Zerohedge
