,title,media,date,datetime,desc,link,img
0,Testing positive for coronavirus after getting a vaccine? Here's how likely that is and what to know if it happens,USA Today,"Jan 5, 2021",2021-01-05,"It's still possible to test positive for the coronavirus even after getting 
vaccinated, experts said. Both the Pfizer-BioNTech and Moderna vaccines 
require...",https://www.usatoday.com/story/news/health/2021/01/05/covid-testing-positive-after-getting-vaccine-heres-what-know/4124661001/,"data:image/gif;base64,R0lGODlhAQABAIAAAP///////yH5BAEKAAEALAAAAAABAAEAAAICTAEAOw=="
1,9 months of COVID vaccine innovation,Optometry Times,"Jan 4, 2021",2021-01-04,"Nine months later, the FDA approved two COVID-19 vaccines under emergency 
authorization. Before New Year's Day, millions of Americans had received 
the...",https://www.optometrytimes.com/view/9-months-of-covid-vaccine-innovation,"data:image/gif;base64,R0lGODlhAQABAIAAAP///////yH5BAEKAAEALAAAAAABAAEAAAICTAEAOw=="
2,"In the COVID vaccine rollout, our expectations don’t match reality",Fortune,"Jan 4, 2021",2021-01-04,"When William Schaffner discusses the distribution of the COVID-19 vaccine, 
the health policy and infectious diseases expert compares it to a process 
that's...",https://fortune.com/2021/01/04/covid-vaccine-rollout-delays-expectations-pfizer-moderna/,"data:image/gif;base64,R0lGODlhAQABAIAAAP///////yH5BAEKAAEALAAAAAABAAEAAAICTAEAOw=="
3,What we know about the 5 biggest problems with the COVID vaccine rollout,Fortune,"Jan 31, 2021",2021-01-31,"Allocating COVID vaccines and materials. After doses of Pfizer/BioNTech's 
or Moderna's COVID vaccines have been manufactured, they must make their 
way to health...",https://fortune.com/2021/01/31/covid-vaccine-us-rollout-problems-coronavirus-vaccines-jumping-line-not-taking-data/,"data:image/gif;base64,R0lGODlhAQABAIAAAP///////yH5BAEKAAEALAAAAAABAAEAAAICTAEAOw=="
4,Why You Should Still Wear A Mask And Avoid Crowds After ...,NPR,"Jan 12, 2021",2021-01-12,"How can you spread a virus if you've been vaccinated? All the COVID-19 
vaccines and vaccine candidates under consideration for use in the U.S. 
rely on bits of...",https://www.npr.org/sections/health-shots/2021/01/12/956051995/why-you-should-still-wear-a-mask-and-avoid-crowds-after-getting-the-covid-19-vac,"data:image/gif;base64,R0lGODlhAQABAIAAAP///////yH5BAEKAAEALAAAAAABAAEAAAICTAEAOw=="
5,UN health agency panel issues key guidance on second ...,UN News,"Jan 26, 2021",2021-01-26,"UN health agency panel issues key guidance on second COVID vaccine doses. 
India this month, has begun the world's biggest COVID-19 vaccination 
programme.",https://news.un.org/en/story/2021/01/1083022,"data:image/gif;base64,R0lGODlhAQABAIAAAP///////yH5BAEKAAEALAAAAAABAAEAAAICTAEAOw=="
6,Italy to take legal action on COVID vaccine delays to get doses,Reuters,"Jan 24, 2021",2021-01-24,"MILAN (Reuters) - Italy will take legal action and step up pressure in 
Brussels against Pfizer Inc and AstraZeneca over delays in deliveries of 
COVID-19...",https://www.reuters.com/article/us-health-coronavirus-italy-idUSKBN29T0GO,"data:image/gif;base64,R0lGODlhAQABAIAAAP///////yH5BAEKAAEALAAAAAABAAEAAAICTAEAOw=="
7,Biden hopes Defense Production Act can aid vaccine production. Experts say it will take time.,USA Today,"Jan 21, 2021",2021-01-21,"The two current U.S. COVID-19 vaccines, from Pfizer and Moderna, both rely 
on relatively new mRNA technology. Both companies say their U.S. plants are 
operating...",https://www.usatoday.com/story/news/2021/01/21/biden-says-defense-production-act-could-aid-covid-19-vaccine-experts-say-take-time/6661234002/,"data:image/gif;base64,R0lGODlhAQABAIAAAP///////yH5BAEKAAEALAAAAAABAAEAAAICTAEAOw=="
8,"Biden details 5-step COVID vaccine plan, names new lead for ...",CIDRAP,"Jan 15, 2021",2021-01-15,"Biden said the Trump administration's efforts to roll out two approved 
COVID-19 vaccines, one from Pfizer and one from Moderna, was a dismal 
failure.",https://www.cidrap.umn.edu/news-perspective/2021/01/biden-details-5-step-covid-vaccine-plan-names-new-lead-vaccines,"data:image/gif;base64,R0lGODlhAQABAIAAAP///////yH5BAEKAAEALAAAAAABAAEAAAICTAEAOw=="
9,J&J's one-shot COVID vaccine offers hope for faster protection,Nature,"Jan 29, 2021",2021-01-29,"Another vaccine has been shown to protect against COVID-19 — and this time, 
... that reported that its coronavirus vaccine was less effective in a 
trial...",https://www.nature.com/articles/d41586-021-00119-7,"data:image/gif;base64,R0lGODlhAQABAIAAAP///////yH5BAEKAAEALAAAAAABAAEAAAICTAEAOw=="
10,Where can I get the COVID vaccine in Portage County?,Record-Courier,"Jan 15, 2021",2021-01-15,"Who is in COVID vaccine phase 1B. The next phase of vaccination, referred 
to as 1B, begins on Tuesday. This group includes people age 65 and older, 
people with...",https://www.record-courier.com/story/news/2021/01/15/where-find-covid-vaccine-portage-county/4173481001/,"data:image/gif;base64,R0lGODlhAQABAIAAAP///////yH5BAEKAAEALAAAAAABAAEAAAICTAEAOw=="
11,"Alabama has lowest COVID vaccine rate in the nation, CDC says",AL.com,"Jan 14, 2021",2021-01-14,"As of Thursday afternoon, Alabama reported the lowest COVID vaccination 
rate of any state, and the only state listed as having given the vaccine to 
less...",https://www.al.com/news/2021/01/alabama-has-lowest-covid-vaccine-rate-in-the-nation-cdc-says.html,"data:image/gif;base64,R0lGODlhAQABAIAAAP///////yH5BAEKAAEALAAAAAABAAEAAAICTAEAOw=="
12,Texas becomes first state to administer 1 million doses of ...,The Texas Tribune,"Jan 14, 2021",2021-01-14,"Currently, vaccines are being administered to front-line health care 
workers, residents at assisted living facilities and nursing homes and 
those over 65 or...",https://www.texastribune.org/2021/01/14/texas-coronavirus-vaccine-one-million/,"data:image/gif;base64,R0lGODlhAQABAIAAAP///////yH5BAEKAAEALAAAAAABAAEAAAICTAEAOw=="
13,TDH County Health Departments Offer COVID-19 Vaccination ...,TN.gov,"Jan 11, 2021",2021-01-11,"NASHVILLE, Tenn. – Tennessee county health departments are now booking 
appointments for people in Phase 1 populations of the Tennessee COVID-19 
Vaccination...",https://www.tn.gov/health/news/2021/1/11/tdh-county-health-departments-offer-covid-19-vaccination-by-appointment-.html,"data:image/gif;base64,R0lGODlhAQABAIAAAP///////yH5BAEKAAEALAAAAAABAAEAAAICTAEAOw=="
14,How to register for COVID-19 vaccine: State-by-state guide,TODAY,"Jan 11, 2021",2021-01-11,"See what your state is doing. Pre Register Covid Vaccine. Most states are 
only vaccinating select populations, but in...",https://www.today.com/health/how-register-covid-19-vaccine-state-state-guide-t205275,"data:image/gif;base64,R0lGODlhAQABAIAAAP///////yH5BAEKAAEALAAAAAABAAEAAAICTAEAOw=="
15,Ohio doesn't have a statewide COVID-19 vaccine waitlist. But some local health departments do.,Cincinnati Enquirer,"Jan 13, 2021",2021-01-13,"COLUMBUS – Ohio doesn't have a statewide waitlist or registration form for 
those seeking a COVID-19 vaccine, but several local health departments have 
set...",https://www.cincinnati.com/story/news/2021/01/13/no-ohio-statewide-covid-vaccine-waitlist-but-some-health-departments-have-coronavirus-shot-list/6653160002/,"data:image/gif;base64,R0lGODlhAQABAIAAAP///////yH5BAEKAAEALAAAAAABAAEAAAICTAEAOw=="
16,Covid Vaccine Safety: Side Effects in Context,Bloomberg.com,"Jan 18, 2021",2021-01-18,"Covid vaccines are designed to prevent a disease that has so far killed 
more than 5 million people worldwide. No pharmaceutical, however, is 
completely...",https://www.bloomberg.com/news/articles/2021-01-18/what-to-know-about-vaccine-related-deaths-allergies-quicktake,"data:image/gif;base64,R0lGODlhAQABAIAAAP///////yH5BAEKAAEALAAAAAABAAEAAAICTAEAOw=="
17,"Sick patients over 80 could be a COVID vaccine risk, Norwegian health officials warn",Fortune,"Jan 15, 2021",2021-01-15,"Norway said Covid-19 vaccines may be too risky for the very old and 
terminally ill, the most cautious statement yet from a European health 
authority as...",https://fortune.com/2021/01/15/sick-elderly-covid-vaccine-risk-norway-warning/,"data:image/gif;base64,R0lGODlhAQABAIAAAP///////yH5BAEKAAEALAAAAAABAAEAAAICTAEAOw=="
18,"In race to save most lives, California wrestles with COVID ...",CalMatters,"Jan 25, 2021",2021-01-25,"But she's only 33, and at the current vaccination rate, it may be months 
before she can get her shots. After filling out a questionnaire from her 
provider,...",https://calmatters.org/health/coronavirus/2021/01/california-covid-vaccine-eligibility/,"data:image/gif;base64,R0lGODlhAQABAIAAAP///////yH5BAEKAAEALAAAAAABAAEAAAICTAEAOw=="
19,What Happens After You Get the COVID-19 Vaccine?,Michigan Health Blog,"Jan 20, 2021",2021-01-20,"An immunologist explains how the vaccine trains your immune system to fight 
the coronavirus. white woman getting vavvine in arm with mask on from 
practitioner...",https://healthblog.uofmhealth.org/wellness-prevention/what-happens-after-you-get-covid-19-vaccine,"data:image/gif;base64,R0lGODlhAQABAIAAAP///////yH5BAEKAAEALAAAAAABAAEAAAICTAEAOw=="
20,FAQ: When and where Texans can get the COVID vaccine,San Antonio Express-News,"Jan 19, 2021",2021-01-19,"Pfizer booster shots are available at the Alamodome. Metro Health is 
offering $100 H-E-B gift cards to Bexar County residents when they get 
fully vaccinated at...",https://www.expressnews.com/coronavirus/article/texas-vaccine-distribution-info-15836160.php,"data:image/gif;base64,R0lGODlhAQABAIAAAP///////yH5BAEKAAEALAAAAAABAAEAAAICTAEAOw=="
21,Covid-19 Vaccine Leaders Waited Months to Approve Distribution Plans,The Wall Street Journal,"Jan 15, 2021",2021-01-15,"Moncef Slaoui of Operation Warp Speed discussed coronavirus vaccine 
development at the White House last May, alongside President Trump.",https://www.wsj.com/articles/covid-19-vaccine-leaders-waited-months-to-approve-distribution-plans-11610737935,"data:image/gif;base64,R0lGODlhAQABAIAAAP///////yH5BAEKAAEALAAAAAABAAEAAAICTAEAOw=="
22,LIST: Where and how to get a COVID vaccination in the Houston area | County-by-county list,KHOU,"Jan 4, 2021",2021-01-04,"About the three vaccines approved in the U.S.: Pfizer-BioNTech COVID-19 
vaccine: This vaccine is authorized for emergency use in persons aged 16 
years and older...",https://www.khou.com/article/news/health/coronavirus/list-where-to-get-coronavirus-vaccine-near-me-houston/285-56626ecb-8b1b-4f91-afd9-712240fbe643,"data:image/gif;base64,R0lGODlhAQABAIAAAP///////yH5BAEKAAEALAAAAAABAAEAAAICTAEAOw=="
23,DHEC Launches New COVID-19 Vaccine Information Line ...,SCDHEC,"Jan 29, 2021",2021-01-29,"People who have questions about the COVID-19 vaccines or who need help 
finding vaccine providers and their contact information are asked to call 
the DHEC COVID-...",https://scdhec.gov/news-releases/dhec-launches-new-covid-19-vaccine-information-line-increases-call-center-staff,"data:image/gif;base64,R0lGODlhAQABAIAAAP///////yH5BAEKAAEALAAAAAABAAEAAAICTAEAOw=="
24,"'Go for it,' says first person vaccinated in India's massive ...",Reuters,"Jan 15, 2021",2021-01-15,"NEW DELHI (Reuters) - Hospital cleaning worker Manish Kumar became the 
first person in India to be vaccinated against COVID-19 on Saturday, as 
Prime...",https://www.reuters.com/article/us-health-coronavirus-india-vaccine-idUSKBN29L04M,"data:image/gif;base64,R0lGODlhAQABAIAAAP///////yH5BAEKAAEALAAAAAABAAEAAAICTAEAOw=="
25,Which Covid Vaccine Should You Get? Experts Cite the Effect Against Severe Disease,The New York Times,"Jan 31, 2021",2021-01-31,"Infectious disease doctors say getting a shot of the J&J vaccine, which has 
a lower efficacy against the virus than other vaccines, would still be 
well...",https://www.nytimes.com/2021/01/29/health/Covid-vaccine-explainer.html,"data:image/gif;base64,R0lGODlhAQABAIAAAP///////yH5BAEKAAEALAAAAAABAAEAAAICTAEAOw=="
26,J&J's one-shot Covid vaccine is safe and generates promising immune response in early trial,CNBC,"Jan 13, 2021",2021-01-13,"J&J's one-shot Covid vaccine is safe and generates promising immune 
response in early trial. Published Wed, Jan 13 20215:00 PM EST Updated Fri, 
Jan 15 20212...",https://www.cnbc.com/2021/01/13/covid-vaccine-johnson-johnson-one-shot-safe-generates-immune-response.html,"data:image/gif;base64,R0lGODlhAQABAIAAAP///////yH5BAEKAAEALAAAAAABAAEAAAICTAEAOw=="
27,Florida is restricting the COVID-19 vaccine to residents. Here's what you need to show proof of residency,Daytona Beach News-Journal,"Jan 22, 2021",2021-01-22,"Florida is restricting the COVID-19 vaccine to residents. Here's what you 
need to show proof of residency ... The coronavirus pandemic in Florida is 
an evolving...",https://www.news-journalonline.com/story/news/coronavirus/2021/01/22/what-do-florida-residents-need-bring-sign-up-covid-vaccine-appointment-proof-residency-coronvirus/6668613002/,"data:image/gif;base64,R0lGODlhAQABAIAAAP///////yH5BAEKAAEALAAAAAABAAEAAAICTAEAOw=="
28,Trouble scheduling a COVID vaccine in NY? You're not alone. Here's what to know.,Democrat and Chronicle,"Jan 13, 2021",2021-01-13,"Trouble scheduling a COVID vaccine in NY? ... of people suffering through a 
global pandemic all try to schedule a COVID-19 vaccine appointment at once?",https://www.democratandchronicle.com/story/news/politics/albany/2021/01/13/covid-vaccine-trouble-booking-appointment-new-york/6637010002/,"data:image/gif;base64,R0lGODlhAQABAIAAAP///////yH5BAEKAAEALAAAAAABAAEAAAICTAEAOw=="
29,India to start COVID vaccine exports on Wednesday,Reuters,"Jan 19, 2021",2021-01-19,"NEW DELHI, Jan 19 (Reuters) - India will start exporting COVID-19 vaccines 
from Wednesday, paving the way for many mid- and lower-income countries to 
get...",https://www.reuters.com/business/healthcare-pharmaceuticals/india-start-covid-vaccine-exports-wednesday-2021-01-19/,"data:image/gif;base64,R0lGODlhAQABAIAAAP///////yH5BAEKAAEALAAAAAABAAEAAAICTAEAOw=="
30,Sanofi to help produce 100 million Pfizer/BioNTech vaccine doses,CNN,"Jan 27, 2021",2021-01-27,"Pfizer and its German partner BioNTech are, like other Covid-19 vaccine 
manufacturers such as AstraZeneca, struggling to meet the huge demand for 
shots that are...",https://www.cnn.com/2021/01/27/europe/sanofi-vaccine-doses-intl/index.html,"data:image/gif;base64,R0lGODlhAQABAIAAAP///////yH5BAEKAAEALAAAAAABAAEAAAICTAEAOw=="
31,Biden's plan to end policy of keeping Covid vaccine doses in ...,Stat News,"Jan 8, 2021",2021-01-08,"The transition team of President-elect Biden has taken its first step to 
reexamine the distribution of Covid-19 vaccines put in place by the Trump...",https://www.statnews.com/2021/01/08/bidens-plan-to-end-policy-of-keeping-covid-vaccine-doses-in-reserve-is-the-first-step-in-a-more-difficult-journey/,"data:image/gif;base64,R0lGODlhAQABAIAAAP///////yH5BAEKAAEALAAAAAABAAEAAAICTAEAOw=="
32,Trump administration had no coronavirus vaccine distribution ...,Reuters,"Jan 24, 2021",2021-01-24,"WASHINGTON (Reuters) - There was no distribution plan for the coronavirus 
vaccine set up by the Trump administration as the virus raged in its last 
months...",https://www.reuters.com/article/us-health-coronavirus-usa-klain-idUSKBN29T0FY,"data:image/gif;base64,R0lGODlhAQABAIAAAP///////yH5BAEKAAEALAAAAAABAAEAAAICTAEAOw=="
33,COVID vaccine distribution in Crawford County: What you need to know,GoErie.com,"Jan 21, 2021",2021-01-21,"In Pennsylvania, 8.33 million vaccine doses have been given, according to 
the Pennsylvania Department of Health. How do I get a COVID vaccine? All...",https://www.goerie.com/story/news/2021/01/21/crawford-county-pennsylvania-covid-vaccination-distribution-details/4162993001/,"data:image/gif;base64,R0lGODlhAQABAIAAAP///////yH5BAEKAAEALAAAAAABAAEAAAICTAEAOw=="
34,Israel's Covid vaccine rollout is the fastest in the world — here are some lessons for the rest of us,CNBC,"Jan 8, 2021",2021-01-08,"While the U.S. and Europe attempt to ramp up their own Covid vaccination 
drives, Israel is outpacing them all. Israel's vaccination drive began on 
Dec.",https://www.cnbc.com/2021/01/07/israels-covid-vaccine-rollout-is-the-fastest-in-the-world.html,"data:image/gif;base64,R0lGODlhAQABAIAAAP///////yH5BAEKAAEALAAAAAABAAEAAAICTAEAOw=="
35,Pfizer Says Its Covid Vaccine Works Against Key Mutation,The New York Times,"Jan 11, 2021",2021-01-11,"Pfizer and BioNTech announced on Friday that their Covid vaccine is 
effective against one of the mutations present in the new contagious 
variants identified...",https://www.nytimes.com/2021/01/08/health/pfizer-covid-vaccine-variant-mutation.html,"data:image/gif;base64,R0lGODlhAQABAIAAAP///////yH5BAEKAAEALAAAAAABAAEAAAICTAEAOw=="
36,Cuomo wants New York to buy Covid vaccine directly from Pfizer,NBC News,"Jan 18, 2021",2021-01-18,"Andrew Cuomo says the Trump Administration has failed to deliver enough 
Covid-19 vaccines to his state, so he wants to buy more doses directly from 
the...",https://www.nbcnews.com/news/us-news/cuomo-wants-new-york-buy-covid-vaccine-directly-pfizer-n1254605,"data:image/gif;base64,R0lGODlhAQABAIAAAP///////yH5BAEKAAEALAAAAAABAAEAAAICTAEAOw=="
37,China COVID vaccine reports mixed results — what does that ...,Nature,"Jan 15, 2021",2021-01-15,"China COVID vaccine reports mixed results — what does that mean for the 
pandemic? Scientists say CoronaVac could reduce cases of severe disease, 
particularly in...",https://www.nature.com/articles/d41586-021-00094-z,"data:image/gif;base64,R0lGODlhAQABAIAAAP///////yH5BAEKAAEALAAAAAABAAEAAAICTAEAOw=="
38,US COVID vaccine tracker: How many people have been ...,NPR,"Jan 28, 2021",2021-01-28,"Since COVID-19 vaccine distribution began in the United States on Dec. 14, 
2020, more than 577 million doses have been administered, fully vaccinating 
over 219...",https://www.npr.org/sections/health-shots/2021/01/28/960901166/how-is-the-covid-19-vaccination-campaign-going-in-your-state,"data:image/gif;base64,R0lGODlhAQABAIAAAP///////yH5BAEKAAEALAAAAAABAAEAAAICTAEAOw=="
39,Arizona is only getting a third of the COVID vaccine doses it ...,Arizona Daily Star,"Jan 23, 2021",2021-01-23,"People wait outside Tucson Convention Center for COVID-19 vaccine shots. 
Hundreds lined up at TCC on Friday to get the shots, invited there after a 
computer...",https://tucson.com/news/local/arizona-is-only-getting-a-third-of-the-covid-vaccine-doses-it-needs-health-chief/article_8526e3ce-851d-5bee-9963-d0f6e7582e5b.html,"data:image/gif;base64,R0lGODlhAQABAIAAAP///////yH5BAEKAAEALAAAAAABAAEAAAICTAEAOw=="
40,Brazos Valley COVID-19 vaccination information,KBTX,"Jan 24, 2021",2021-01-24,"HealthPoint will be offering COVID vaccines to the community in 
Madisonville on May 14 from 8:30 a.m.-4:30 p.m. at their clinic.",https://www.kbtx.com/2021/02/04/brazos-valley-covid-19-vaccination-information/,"data:image/gif;base64,R0lGODlhAQABAIAAAP///////yH5BAEKAAEALAAAAAABAAEAAAICTAEAOw=="
41,Merck Shuts Down Covid Vaccine Program After Lackluster Data,Bloomberg.com,"Jan 25, 2021",2021-01-25,"Merck & Co. is discontinuing development of its two experimental Covid-19 
vaccines after early trial data showed they failed to generate immune 
responses...",https://www.bloomberg.com/news/articles/2021-01-25/merck-shuts-down-covid-vaccine-program-after-lackluster-data,"data:image/gif;base64,R0lGODlhAQABAIAAAP///////yH5BAEKAAEALAAAAAABAAEAAAICTAEAOw=="
42,UPDATE: California pauses giving out shots from one lot of coronavirus vaccine,CNN,"Jan 19, 2021",2021-01-19,"(CNN) Health officials in California are telling medical providers across 
the state not to administer doses from one lot of Moderna's coronavirus 
vaccine...",https://www.cnn.com/2021/01/18/health/ca-vaccine-lot-pause/index.html,"data:image/gif;base64,R0lGODlhAQABAIAAAP///////yH5BAEKAAEALAAAAAABAAEAAAICTAEAOw=="
43,Can NJ mandate students & teachers get the COVID vaccine? Your questions answered,North Jersey Media Group,"Jan 15, 2021",2021-01-15,"Can NJ mandate students & teachers get the COVID vaccine? ... The rollout 
of the COVID-19 vaccine has sparked hope that schools will be able to 
return to...",https://www.northjersey.com/story/news/coronavirus/2021/01/15/nj-schools-covid-vaccine-what-you-need-know/4131010001/,"data:image/gif;base64,R0lGODlhAQABAIAAAP///////yH5BAEKAAEALAAAAAABAAEAAAICTAEAOw=="
44,"Wisconsin pharmacist who left vials out believed vaccine could harm people and change their DNA, police say",CNN,"Jan 5, 2021",2021-01-05,"The Wisconsin pharmacist arrested last week after allegedly removing vials 
of the Moderna Covid-19 vaccine from cold storage is a conspiracy theorist 
who...",https://www.cnn.com/2021/01/04/us/wisconsin-pharmacist-vaccine-vials-court-hearing/index.html,"data:image/gif;base64,R0lGODlhAQABAIAAAP///////yH5BAEKAAEALAAAAAABAAEAAAICTAEAOw=="
45,Globalizing the COVID vaccine,Brookings,"Jan 8, 2021",2021-01-08,"The development and approval of safe and effective COVID-19 vaccines less 
than a year after the start of the pandemic is a truly remarkable 
achievement,...",https://www.brookings.edu/opinions/globalizing-the-covid-vaccine/,"data:image/gif;base64,R0lGODlhAQABAIAAAP///////yH5BAEKAAEALAAAAAABAAEAAAICTAEAOw=="
46,Biden Picks Former F.D.A. Chief Kessler to Lead U.S. Vaccine Efforts,The New York Times,"Jan 15, 2021",2021-01-15,"Biden's promise of getting “100 million Covid vaccine shots into the arms 
of the American people” by his 100th day in office. Although Operation Warp 
Speed is...",https://www.nytimes.com/2021/01/15/health/covid-vaccine-kessler.html,"data:image/gif;base64,R0lGODlhAQABAIAAAP///////yH5BAEKAAEALAAAAAABAAEAAAICTAEAOw=="
47,New CDC guidelines bring more confusion about COVID-19 ...,WHYY,"Jan 18, 2021",2021-01-18,"Helen Fitzpatrick, 97, right, receives a COVID-19 vaccine administered by 
Dr. Hillary Cohen at Englewood Health in Englewood, N.J., Thursday, Jan. 
14, 2021.",https://whyy.org/articles/new-cdc-guidelines-bring-more-confusion-about-covid-19-vaccine/,"data:image/gif;base64,R0lGODlhAQABAIAAAP///////yH5BAEKAAEALAAAAAABAAEAAAICTAEAOw=="
48,California’s Disneyland to become a mass Covid vaccine distribution site,The Guardian,"Jan 12, 2021",2021-01-12,"California is transforming Disneyland into a mass vaccine distribution site 
as the coronavirus surge overwhelms hospitals and sets a deadly new record 
in...",https://www.theguardian.com/us-news/2021/jan/12/california-disneyland-covid-vaccine-distribution-site,"data:image/gif;base64,R0lGODlhAQABAIAAAP///////yH5BAEKAAEALAAAAAABAAEAAAICTAEAOw=="
49,Here's how and where to schedule a COVID vaccine appointment in Iowa,WeAreIowa.com,"Jan 29, 2021",2021-01-29,"DES MOINES — Iowa is now three months into its COVID-19 vaccination 
process, and every single adult in the state is expected to be eligible for 
the vaccine...",https://www.weareiowa.com/article/news/health/coronavirus/vaccine/here-is-how-to-sign-up-for-covid-19-vaccine-in-iowa-polk-dallas-story-county-find-provider-appointment-schedule-locator/524-80ca7c6a-7ffd-4399-8be7-5520510dc7e5,"data:image/gif;base64,R0lGODlhAQABAIAAAP///////yH5BAEKAAEALAAAAAABAAEAAAICTAEAOw=="
50,Newsom's 1-million COVID vaccine promise exposes data issues,Los Angeles Times,"Jan 21, 2021",2021-01-21,"Newsom promised 1 million COVID-19 vaccinations. California can't tell if 
he hit his goal. Staff...",https://www.latimes.com/california/story/2021-01-21/california-data-collection-issues-covid-19-vaccinations-in-10-days-gavin-newsom-promise,"data:image/gif;base64,R0lGODlhAQABAIAAAP///////yH5BAEKAAEALAAAAAABAAEAAAICTAEAOw=="
51,Israel to share data with Pfizer in exchange for COVID-19 ...,Healthcare IT News,"Jan 11, 2021",2021-01-11,"Israel has committed to send Pfizer statistical data and details in 
exchange for COVID-19 vaccine doses. Prime minister Benjamin Netanyahu 
announced he had...",https://www.healthcareitnews.com/news/emea/israel-share-data-pfizer-exchange-covid-19-vaccine-doses,"data:image/gif;base64,R0lGODlhAQABAIAAAP///////yH5BAEKAAEALAAAAAABAAEAAAICTAEAOw=="
52,"GOP congressman suggests $1,400 stimulus checks for people who receive COVID-19 vaccine",10TV,"Jan 22, 2021",2021-01-22,"GOP congressman suggests $1,400 stimulus checks for people who receive 
COVID-19 vaccine. One Republican congressman says the third round of 
coronavirus stimulus...",https://www.10tv.com/article/news/nation-world/congressman-suggests-third-stimulus-checks-for-vaccine/507-10b4c1d9-5890-4505-a909-995f75738f75,"data:image/gif;base64,R0lGODlhAQABAIAAAP///////yH5BAEKAAEALAAAAAABAAEAAAICTAEAOw=="
53,"Michigan COVID-19 vaccinations: How to find appointments, info on phases",ClickOnDetroit,"Jan 7, 2021",2021-01-07,"Michigan has started listing local health departments accepting 
appointments for COVID-19 vaccinations. Here's the state's updated 
vaccination implementation...",https://www.clickondetroit.com/health/2021/01/07/michigan-covid-19-vaccinations-what-to-know-about-appointments-phases/,"data:image/gif;base64,R0lGODlhAQABAIAAAP///////yH5BAEKAAEALAAAAAABAAEAAAICTAEAOw=="
54,Pentagon pauses plan to offer Covid vaccine to Guantánamo Bay prisoners,NBC News,"Jan 30, 2021",2021-01-30,"WASHINGTON — The Pentagon announced Saturday they would pause their plan to 
offer coronavirus vaccinations to detainees at Guantánamo Bay, reversing 
course...",https://www.nbcnews.com/politics/national-security/pentagon-pauses-plan-offer-covid-vaccine-guant-namo-bay-prisoners-n1256282,"data:image/gif;base64,R0lGODlhAQABAIAAAP///////yH5BAEKAAEALAAAAAABAAEAAAICTAEAOw=="
55,How to get a COVID-19 vaccine in Indiana,IndyStar,"Jan 6, 2021",2021-01-06,"Indiana has now made COVID-19 vaccines available to everyone 16 and older. 
After starting with health care workers. long-term care facility residents 
and...",https://www.indystar.com/story/news/health/2021/01/06/indiana-covid-vaccine-how-get-coronavirus-shot-indiana/6570044002/,"data:image/gif;base64,R0lGODlhAQABAIAAAP///////yH5BAEKAAEALAAAAAABAAEAAAICTAEAOw=="
56,"Hank Aaron, 86, receives COVID-19 vaccine and hopes to inspire other Black Americans to do the same",CBS Sports,"Jan 6, 2021",2021-01-06,"Hall of Famer Hank Aaron was vaccinated against the coronavirus (COVID-19) 
at the Morehouse School of Medicine health clinic in Atlanta on Tuesday.",https://www.cbssports.com/mlb/news/hank-aaron-86-receives-covid-19-vaccine-and-hopes-to-inspire-other-black-americans-to-do-the-same/,"data:image/gif;base64,R0lGODlhAQABAIAAAP///////yH5BAEKAAEALAAAAAABAAEAAAICTAEAOw=="
57,Here’s how to get the COVID-19 vaccine at Fenway Park,Boston.com,"Jan 30, 2021",2021-01-30,"The 112-year-old home of the Red Sox is serving as the state's 
second-largest mass COVID-19 vaccination site, with plans to administer 
roughly 500 vaccines...",https://www.boston.com/news/coronavirus/2021/01/30/coronavirus-vaccine-fenway-park/,"data:image/gif;base64,R0lGODlhAQABAIAAAP///////yH5BAEKAAEALAAAAAABAAEAAAICTAEAOw=="
58,Sign up to get COVID vaccine in Jefferson County,AL.com,"Jan 9, 2021",2021-01-09,"09, 2021, 10:36 a.m.. Moderna COVID vaccine. A 10-dose vial of Moderna's 
COVID-19 vaccine ready to be...",https://www.al.com/news/2021/01/sign-up-to-get-covid-vaccine-in-jefferson-county.html,"data:image/gif;base64,R0lGODlhAQABAIAAAP///////yH5BAEKAAEALAAAAAABAAEAAAICTAEAOw=="
59,Brazil Turns to Chinese Covid Vaccine as Cases Surge,Wall Street Journal,"Jan 17, 2021",2021-01-17,"Brazil began its Covid-19 vaccine rollout Sunday with the shot developed by 
China's Sinovac, minutes after its approval by regulators, promising to 
bring...",https://www.wsj.com/articles/brazil-authorizes-use-of-two-covid-19-vaccines-11610907831,"data:image/gif;base64,R0lGODlhAQABAIAAAP///////yH5BAEKAAEALAAAAAABAAEAAAICTAEAOw=="
60,"COVID-19 vaccine tracker: See how many people in Florida have been vaccinated, by county, state",Florida Times-Union,"Jan 12, 2021",2021-01-12,"How many people in Florida have received one or both vaccinations for 
COVID-19? Click on the map below to see how many vaccines have been 
administered by...",https://www.jacksonville.com/story/news/coronavirus/2021/01/12/covid-19-vaccine-tracker-how-many-floridians-have-been-vaccinated-coronavirus/6640376002/,"data:image/gif;base64,R0lGODlhAQABAIAAAP///////yH5BAEKAAEALAAAAAABAAEAAAICTAEAOw=="
61,"How do you get a COVID vaccine appointment at Publix? No tips, no tricks, but here's a guide",St. Augustine Record,"Jan 27, 2021",2021-01-27,"How do you get a COVID vaccine appointment at Publix? ... The coronavirus 
pandemic in Florida is an evolving news story so some information in this 
article...",https://www.staugustine.com/story/news/coronavirus/2021/01/27/how-do-you-get-covid-vaccine-appointment-publix-heres-some-tips/4276345001/,"data:image/gif;base64,R0lGODlhAQABAIAAAP///////yH5BAEKAAEALAAAAAABAAEAAAICTAEAOw=="
62,"Seattle hospitals rush to dole out 1,300 Covid vaccine doses in the middle of the night",The Guardian,"Jan 29, 2021",2021-01-29,"Seattle hospitals rushed out Covid-19 vaccines to hundreds of people in the 
middle of the night after a freezer they were being stored in failed.",https://www.theguardian.com/us-news/2021/jan/29/covid-vaccine-seattle-hospital-freezer-fail,"data:image/gif;base64,R0lGODlhAQABAIAAAP///////yH5BAEKAAEALAAAAAABAAEAAAICTAEAOw=="
63,What’s in the COVID vaccine? Doctors assure allergy-sufferers it’s OK to get the shot,Miami Herald,"Jan 4, 2021",2021-01-04,"What's in the COVID vaccine? ... Allergic reactions to vaccines are rare, 
the team said, and generally occur at a rate of 1.3 per 1 million people.",https://www.miamiherald.com/news/coronavirus/article248261850.html,"data:image/gif;base64,R0lGODlhAQABAIAAAP///////yH5BAEKAAEALAAAAAABAAEAAAICTAEAOw=="
64,I Took a COVID Vaccine Selfie. Then the Questions Came ...,Philadelphia Magazine,"Jan 21, 2021",2021-01-21,"Ernest Owens receiving the Moderna COVID vaccine administered by the Black 
Doctors COVID-19 Consortium. On Saturday, I walked into Deliverance Church 
in North...",https://www.phillymag.com/news/2021/01/21/covid-vaccine-fears/,"data:image/gif;base64,R0lGODlhAQABAIAAAP///////yH5BAEKAAEALAAAAAABAAEAAAICTAEAOw=="
65,Older adults in Michigan frustrated in efforts to get COVID ...,Bridge Michigan,"Jan 13, 2021",2021-01-13,"County health departments, hospitals, senior centers and cities across the 
state say they're being bombarded by calls from residents pleading for a 
vaccine for...",https://www.bridgemi.com/michigan-health-watch/older-adults-michigan-frustrated-efforts-get-covid-vaccine,"data:image/gif;base64,R0lGODlhAQABAIAAAP///////yH5BAEKAAEALAAAAAABAAEAAAICTAEAOw=="
66,Covid vaccine: Cases in Congress show one dose may not fully shield against coronavirus,Vox,"Jan 12, 2021",2021-01-12,"Both the Moderna vaccine and the Pfizer/BioNTech vaccine are reported to be 
around 95 percent effective at preventing Covid-19 illness after two doses, 
but that...",https://www.vox.com/22225299/covid-19-congress-bonnie-watson-coleman-vaccine-positive-test-spread,"data:image/gif;base64,R0lGODlhAQABAIAAAP///////yH5BAEKAAEALAAAAAABAAEAAAICTAEAOw=="
67,COVID-19 vaccinations: Why are some states and localities so much more successful?,Brookings,"Jan 25, 2021",2021-01-25,"As frustration spreads over the slow pace of vaccination for Covid-19, ... 
First, West Virginia was the only state in the country to opt out of the 
vaccine...",https://www.brookings.edu/blog/fixgov/2021/01/25/covid-19-vaccinations-why-are-some-states-and-localities-so-much-more-successful/,"data:image/gif;base64,R0lGODlhAQABAIAAAP///////yH5BAEKAAEALAAAAAABAAEAAAICTAEAOw=="
68,Why the COVID-19 Vaccine Rollout Is So Slow,Healthline,"Jan 8, 2021",2021-01-08,"Millions of doses of the coronavirus vaccine have been distributed to 
states but are sitting unused in freezers. · Two coronavirus vaccines have 
been approved...",https://www.healthline.com/health-news/why-the-covid-19-vaccine-rollout-is-so-slow,"data:image/gif;base64,R0lGODlhAQABAIAAAP///////yH5BAEKAAEALAAAAAABAAEAAAICTAEAOw=="
69,Palestinians excluded from Israeli Covid vaccine rollout as jabs go to settlers,The Guardian,"Jan 3, 2021",2021-01-03,"Human rights groups accuse Israel of dodging obligations to millions in 
occupied territories who may wait months for vaccination. People wait to 
receive a...",https://www.theguardian.com/world/2021/jan/03/palestinians-excluded-from-israeli-covid-vaccine-rollout-as-jabs-go-to-settlers,"data:image/gif;base64,R0lGODlhAQABAIAAAP///////yH5BAEKAAEALAAAAAABAAEAAAICTAEAOw=="
70,See the Photos of Willie Nelson Getting His Covid-19 Vaccine,CMT,"Jan 15, 2021",2021-01-15,"Just take a look at Willie Nelson getting his Covid-19 vaccine. He did it 
via a drive-up service at the Family Hospital Systems in Texas, and 
according to...",http://www.cmt.com/news/1829319/see-the-photos-of-willie-nelson-getting-his-covid-19-vaccine/,"data:image/gif;base64,R0lGODlhAQABAIAAAP///////yH5BAEKAAEALAAAAAABAAEAAAICTAEAOw=="
71,How Companies Can Partner With Governments To Distribute ...,Forbes,"Jan 21, 2021",2021-01-21,"“There are several CDC-authorized mass vaccine providers that have begun 
approaching employers offering to provide the Covid vaccine for their 
workers.",https://www.forbes.com/sites/edwardsegal/2021/01/21/how-companies-can-partner-with-governments-to-distribute-covid-vaccine-efficiently-and-effectively/,"data:image/gif;base64,R0lGODlhAQABAIAAAP///////yH5BAEKAAEALAAAAAABAAEAAAICTAEAOw=="
72,Could you get paid to get the Covid vaccine? These companies are doing it,CNBC,"Jan 15, 2021",2021-01-15,"The online grocery delivery service Instacart announced a “Covid-19 Vaccine 
Support Stipend” Thursday, which provides $25 for shift leads, in-store 
shoppers and...",https://www.cnbc.com/2021/01/15/trader-joes-instacart-others-will-pay-workers-to-get-covid-vaccine.html,"data:image/gif;base64,R0lGODlhAQABAIAAAP///////yH5BAEKAAEALAAAAAABAAEAAAICTAEAOw=="
73,Verify: Can you cross state and county lines in the Carolinas for a COVID-19 vaccine?,WCNC,"Jan 21, 2021",2021-01-21,"CHARLOTTE, N.C. — As health officials scramble to vaccinate everyone who is 
eligible and wants a COVID-19 vaccine, the demand still outweighs the 
supply in...",https://www.wcnc.com/article/news/health/coronavirus/verify-can-you-cross-state-and-county-lines-in-the-carolinas-for-a-covid-vaccine/275-b7edbd77-21c5-4552-bf5c-66ad523d1640,"data:image/gif;base64,R0lGODlhAQABAIAAAP///////yH5BAEKAAEALAAAAAABAAEAAAICTAEAOw=="
74,MorseLife investigated after COVID vaccine was offered to Palm Beach jet set,Palm Beach Post,"Jan 7, 2021",2021-01-07,"Vials of the COVID-19 vaccine. MorseLife Health System, a pricey elder care 
center in West Palm Beach, is now in the crosshairs of the Department of 
Health...",https://www.palmbeachpost.com/story/news/2021/01/07/elder-care-center-morselife-under-investigation-giving-covid-vaccine-palm-beach-jet-set/6585387002/,"data:image/gif;base64,R0lGODlhAQABAIAAAP///////yH5BAEKAAEALAAAAAABAAEAAAICTAEAOw=="
75,Death of Florida doctor after receiving COVID-19 vaccine under investigation,USA Today,"Jan 6, 2021",2021-01-06,"A Florida doctor has died several weeks after receiving a COVID-19 vaccine, 
although it's not yet clear whether his death Monday was related to the 
shot he...",https://www.usatoday.com/story/news/health/2021/01/06/death-florida-doctor-following-pfizer-covid-19-vaccine-under-investigation-gregory-michael/6574414002/,"data:image/gif;base64,R0lGODlhAQABAIAAAP///////yH5BAEKAAEALAAAAAABAAEAAAICTAEAOw=="
76,Russia to try out 'Sputnik-Light' COVID vaccine to make it go ...,Reuters,"Jan 11, 2021",2021-01-11,"MOSCOW (Reuters) - Russia will conduct a clinical trial of a one-dose 
“Sputnik-Light” version of its coronavirus vaccine, authorities said on 
Monday,...",https://www.reuters.com/article/us-health-coronavirus-russia-vaccine-idUSKBN29G17Y,"data:image/gif;base64,R0lGODlhAQABAIAAAP///////yH5BAEKAAEALAAAAAABAAEAAAICTAEAOw=="
77,When can I get the COVID vaccine? Where you live may matter,Los Angeles Times,"Jan 15, 2021",2021-01-15,"The rollout of the coronavirus vaccine to people 65 and over in California 
has been marked by confusion, with some counties moving faster than others.",https://www.latimes.com/california/story/2021-01-15/covid-vaccine-process-speed-may-depend-on-where-you-live,"data:image/gif;base64,R0lGODlhAQABAIAAAP///////yH5BAEKAAEALAAAAAABAAEAAAICTAEAOw=="
78,COVID-19 Vaccines and Employer Liability,SHRM,"Jan 20, 2021",2021-01-20,"Employers are exploring their options for mandating or encouraging workers 
to get COVID-19 vaccinations. They may even want to offer vaccines onsite 
when...",https://www.shrm.org/resourcesandtools/legal-and-compliance/employment-law/pages/covid-19-vaccines-and-employer-liability.aspx,"data:image/gif;base64,R0lGODlhAQABAIAAAP///////yH5BAEKAAEALAAAAAABAAEAAAICTAEAOw=="
79,Pope Francis and former Pope Benedict get first dose of Covid-19 vaccine,CNN,"Jan 14, 2021",2021-01-14,"Pope Francis and former Pope Benedict get first dose of Covid-19 vaccine. 
By Hada Messia, CNN. Updated 8:49 AM ET, Thu January 14, 2021.",https://www.cnn.com/2021/01/14/europe/pope-francis-covid-19-vaccine-intl/index.html,"data:image/gif;base64,R0lGODlhAQABAIAAAP///////yH5BAEKAAEALAAAAAABAAEAAAICTAEAOw=="
80,Pharmacist Accused Of Tampering With COVID-19 Vaccine ...,NPR,"Jan 19, 2021",2021-01-19,"Steven Brandenburg, the Wisconsin pharmacist accused of intentionally 
trying to spoil hundreds of COVID-19 vaccine doses last month, has been 
charged with...",https://www.npr.org/sections/coronavirus-live-updates/2021/01/19/958539906/pharmacist-accused-of-tampering-with-covid-19-vaccine-doses-charged-with-misdeme,"data:image/gif;base64,R0lGODlhAQABAIAAAP///////yH5BAEKAAEALAAAAAABAAEAAAICTAEAOw=="
81,COVID-19 vaccine shot knocked Dr. Fauci out for 24 hours,Deseret News,"Jan 24, 2021",2021-01-24,"Dr. Anthony Fauci recently explained that the COVID-19 vaccine knocked him 
out for a bit. · The coronavirus vaccines currently available require two 
doses for...",https://www.deseret.com/u-s-world/2021/1/24/22244190/dr-anthony-fauci-covid-19-vaccine-second-dose,"data:image/gif;base64,R0lGODlhAQABAIAAAP///////yH5BAEKAAEALAAAAAABAAEAAAICTAEAOw=="
82,Here's how Milwaukee County residents ages 65 and older can connect with COVID-19 vaccine providers,Milwaukee Journal Sentinel,"Jan 19, 2021",2021-01-19,"Here's how Milwaukee County residents ages 65 and older can connect with 
COVID-19 vaccine providers ... Widespread confusion followed Wisconsin's 
announcement...",https://www.jsonline.com/story/news/local/2021/01/19/covid-19-vaccine-milwaukee-county-register-online-these-steps/4223105001/,"data:image/gif;base64,R0lGODlhAQABAIAAAP///////yH5BAEKAAEALAAAAAABAAEAAAICTAEAOw=="
83,COVID Vaccine in Illinois: How to Find a Location Near You,NBC Chicago,"Jan 27, 2021",2021-01-27,"Pritzker announces the start of Phase 1B of coronavirus vaccinations in the 
state. As Illinois and Chicago enter the next phase of their vaccine 
rollout, Phase...",https://www.nbcchicago.com/news/local/covid-vaccine-in-illinois-how-to-find-a-location-near-you/2423155/,"data:image/gif;base64,R0lGODlhAQABAIAAAP///////yH5BAEKAAEALAAAAAABAAEAAAICTAEAOw=="
84,WHO: just 25 Covid vaccine doses administered in low-income countries,The Guardian,"Jan 18, 2021",2021-01-18,"The world is on the edge of a “catastrophic moral failure” in the 
distribution of Covid-19 vaccines, with just 25 doses administered across 
all poor...",https://www.theguardian.com/society/2021/jan/18/who-just-25-covid-vaccine-doses-administered-in-low-income-countries,"data:image/gif;base64,R0lGODlhAQABAIAAAP///////yH5BAEKAAEALAAAAAABAAEAAAICTAEAOw=="
85,Covid Vaccine Rollout Leaves Most Older Adults Confused Where to Get Shots,Kaiser Health News,"Jan 22, 2021",2021-01-22,"To date, more than 15 million Americans have been vaccinated for covid, 
which has infected 24 million and killed more than 400,000. The two covid 
vaccines...",https://khn.org/news/article/covid-vaccine-rollout-leaves-most-older-adults-confused-where-to-get-shots/,"data:image/gif;base64,R0lGODlhAQABAIAAAP///////yH5BAEKAAEALAAAAAABAAEAAAICTAEAOw=="
86,Frequently asked questions about COVID-19 vaccines in ...,Mississippi Today,"Jan 9, 2021",2021-01-09,"Mississippians as young as 12 are eligible to receive the Pfizer vaccine. 
Where can I get vaccinated? The Mississippi State Department of Health, 
which is...",https://mississippitoday.org/2021/01/09/frequently-asked-questions-about-covid-19-vaccines-in-mississippi/,"data:image/gif;base64,R0lGODlhAQABAIAAAP///////yH5BAEKAAEALAAAAAABAAEAAAICTAEAOw=="
87,Second doses of COVID vaccine administered in New Jersey for first time,North Jersey Media Group,"Jan 4, 2021",2021-01-04,"Applause and laughter broke out at University Hospital's COVID-19 
vaccination clinic as nurse Maritza Beniquez received her second and final 
dose of the...",https://www.northjersey.com/story/news/new-jersey/2021/01/04/nj-covid-vaccine-plan-second-doses-given/4124877001/,"data:image/gif;base64,R0lGODlhAQABAIAAAP///////yH5BAEKAAEALAAAAAABAAEAAAICTAEAOw=="
88,Why Did Philadelphia Give COVID-19 Vaccines To An ...,NPR,"Jan 29, 2021",2021-01-29,"Then they organized as a nonprofit, Philly Fighting Covid, and opened a ... 
Even before the first coronavirus vaccine was authorized, he made plans to 
be...",https://www.npr.org/sections/health-shots/2021/01/29/962143659/in-philadelphia-a-scandal-erupts-over-vaccination-start-up-led-by-22-year-old,"data:image/gif;base64,R0lGODlhAQABAIAAAP///////yH5BAEKAAEALAAAAAABAAEAAAICTAEAOw=="
89,Here's what you need to know about getting a COVID-19 vaccine in Central Texas,Austin American-Statesman,"Jan 4, 2021",2021-01-04,"Is a coronavirus vaccine mandatory? ... No, the vaccine is not mandatory. 
Gov. Greg Abbott has said ""the Lone Star State is prepared to swiftly 
distribute"" the...",https://www.statesman.com/story/news/2021/01/04/austin-covid-19-vaccine-locations-cost-symptoms-travis-county-texas/4099427001/,"data:image/gif;base64,R0lGODlhAQABAIAAAP///////yH5BAEKAAEALAAAAAABAAEAAAICTAEAOw=="
90,Google Maps will soon show COVID vaccine locations,Ars Technica,"Jan 25, 2021",2021-01-25,"The rollout of the COVID-19 vaccine means a ton of people are soon going to 
be looking for vaccination sites. As usual, Google wants to be at the 
center of...",https://arstechnica.com/gadgets/2021/01/google-maps-will-soon-show-covid-vaccine-locations/,"data:image/gif;base64,R0lGODlhAQABAIAAAP///////yH5BAEKAAEALAAAAAABAAEAAAICTAEAOw=="
91,LA Residents 65 and Older Can Now Receive COVID-19 ...,Los Angeles Magazine,"Jan 21, 2021",2021-01-21,"UPDATE: JANUARY 21, 2021 – Los Angeles County has officially opened up 
vaccine eligibility to all residents of the county aged 65 and up, 
regardless of if...",https://www.lamag.com/citythinkblog/covid-vaccine-age-65/,"data:image/gif;base64,R0lGODlhAQABAIAAAP///////yH5BAEKAAEALAAAAAABAAEAAAICTAEAOw=="
92,Why Coronavirus Vaccine Distribution is Taking Longer Than Expected,The New York Times,"Jan 11, 2021",2021-01-11,"These sorts of logistical problems in clinics across the country have put 
the campaign to vaccinate the United States against Covid-19 far behind 
schedule in...",https://www.nytimes.com/2020/12/31/health/vaccine-distribution-delays.html,"data:image/gif;base64,R0lGODlhAQABAIAAAP///////yH5BAEKAAEALAAAAAABAAEAAAICTAEAOw=="
93,Could new COVID variants undermine vaccines? Labs ...,Nature,"Jan 8, 2021",2021-01-08,"Could new COVID variants undermine vaccines? Labs scramble to find out. 
Researchers race to determine why lineages identified in Britain and South 
Africa spread...",https://www.nature.com/articles/d41586-021-00031-0,"data:image/gif;base64,R0lGODlhAQABAIAAAP///////yH5BAEKAAEALAAAAAABAAEAAAICTAEAOw=="
94,State punishes Northeast Ga. COVID vaccine provider that inoculated teachers in one county,Atlanta Journal-Constitution,"Jan 27, 2021",2021-01-27,"An east Georgia medical center that prioritized teachers in the local line 
for COVID-19 vaccination is being punished by the state.",https://www.ajc.com/education/state-punishes-elberton-covid-vaccine-provider-that-inoculated-teachers/R43B7OJVTVFDHJFHFQ5MAZ662Q/,"data:image/gif;base64,R0lGODlhAQABAIAAAP///////yH5BAEKAAEALAAAAAABAAEAAAICTAEAOw=="
95,The state's largest COVID vaccine center is up and running ...,CT Mirror,"Jan 25, 2021",2021-01-25,"A health care worker with Community Health Center, Inc. prepares to give 
the Pfizer vaccine to a client at Connecticut's largest drive-through 
vaccination...",https://ctmirror.org/2021/01/25/the-states-largest-covid-vaccine-center-is-up-and-running-but-so-far-theres-no-formal-plan-to-pay-for-it/,"data:image/gif;base64,R0lGODlhAQABAIAAAP///////yH5BAEKAAEALAAAAAABAAEAAAICTAEAOw=="
96,Monroe County COVID vaccine: Live updates on sites ...,Democrat and Chronicle,"Jan 19, 2021",2021-01-19,"More vaccination sites, less vaccine. While the Finger Lakes' allocation of 
COVID-19 vaccine is up this week, totaling some 10,375 doses, the state 
has...",https://www.democratandchronicle.com/story/news/2021/01/19/covid-vaccine-rochester-convention-center-dome-arena-monroe-county-fleet-center/4202054001/,"data:image/gif;base64,R0lGODlhAQABAIAAAP///////yH5BAEKAAEALAAAAAABAAEAAAICTAEAOw=="
97,"Alaska COVID-19 Vaccine Rollout Requires Planes, Sleds ...",NPR,"Jan 11, 2021",2021-01-11,"Katrine Bengaard, one of the sled-borne rural Alaska vaccinators. ""But with 
the way that this COVID vaccine has been distributed, we don't feel 
forgotten at all...",https://www.npr.org/2021/01/11/954881785/we-dont-feel-forgotten-at-all-alaska-fires-up-covid-19-vaccine-rollout,"data:image/gif;base64,R0lGODlhAQABAIAAAP///////yH5BAEKAAEALAAAAAABAAEAAAICTAEAOw=="
98,How to schedule an appointment to get the COVID-19 vaccine ...,News Center Maine,"Jan 19, 2021",2021-01-19,"Maine DHHS says in the coming days, the list of vaccination sites will 
indicate which ones are able to vaccinate youth. For more information on 
vaccinations for...",https://www.newscentermaine.com/article/news/health/coronavirus/vaccine/how-to-schedule-an-appointment-to-get-the-covid-19-vaccine-in-maine/97-c60c3041-f8cb-47c8-be5b-4fac86c6a090,"data:image/gif;base64,R0lGODlhAQABAIAAAP///////yH5BAEKAAEALAAAAAABAAEAAAICTAEAOw=="
99,"Ohio provider suspended for mishandling, spoiling Covid vaccine doses",NBC News,"Jan 21, 2021",2021-01-21,"A Columbus, Ohio, vaccine distributor has been suspended after authorities 
said the company mishandled 890 doses of Moderna's Covid-19 vaccine.",https://www.nbcnews.com/news/us-news/ohio-provider-suspended-mishandling-spoiling-covid-vaccine-doses-n1255124,"data:image/gif;base64,R0lGODlhAQABAIAAAP///////yH5BAEKAAEALAAAAAABAAEAAAICTAEAOw=="
100,Decades of basic research paved the way for today's Covid-19 ...,Stat News,"Jan 5, 2021",2021-01-05,"The emergency use authorizations of mRNA vaccines by Pfizer/BioNTech and 
Moderna and the likely gradual rollout of multiple others is our collective 
best...",https://www.statnews.com/2021/01/05/basic-research-paved-way-for-warp-speed-covid-19-vaccines/,"data:image/gif;base64,R0lGODlhAQABAIAAAP///////yH5BAEKAAEALAAAAAABAAEAAAICTAEAOw=="
101,Governor Lamont Warns Connecticut Residents To Be Aware ...,CT.gov,"Jan 11, 2021",2021-01-11,"... To Be Aware of COVID-19 Vaccination Scams and Report Suspicious 
Behavior ... that as the COVID-19 vaccine continues to become available to 
more people,...",https://portal.ct.gov/Office-of-the-Governor/News/Press-Releases/2021/01-2021/Governor-Lamont-Warns-Connecticut-Residents-To-Be-Aware-of-COVID-19-Vaccination-Scams,"data:image/gif;base64,R0lGODlhAQABAIAAAP///////yH5BAEKAAEALAAAAAABAAEAAAICTAEAOw=="
102,"Tens of thousands call NJ COVID vaccine line on first day, but appointments can't yet be made",North Jersey Media Group,"Jan 19, 2021",2021-01-19,"Tens of thousands call NJ COVID vaccine line on first day, but appointments 
can't yet be made. Scott Fallon. NorthJersey.com.",https://www.northjersey.com/story/news/coronavirus/2021/01/19/nj-covid-vaccine-phone-line-info-refers-callers-website-now/4215441001/,"data:image/gif;base64,R0lGODlhAQABAIAAAP///////yH5BAEKAAEALAAAAAABAAEAAAICTAEAOw=="
103,'It's time': Mississippi Gov. Tate Reeves receives COVID-19 vaccine on Facebook Live,The Clarion-Ledger,"Jan 13, 2021",2021-01-13,"Tate Reeves receives COVID-19 vaccine on Facebook Live. Leah Willingham. 
Associated Press/Report for America. JACKSON — Mississippi Gov. Tate Reeves 
received...",https://www.clarionledger.com/story/news/local/2021/01/13/gov-tate-reeves-gets-covid-19-vaccination/4149075001/,"data:image/gif;base64,R0lGODlhAQABAIAAAP///////yH5BAEKAAEALAAAAAABAAEAAAICTAEAOw=="
104,Colorado COVID Vaccine Guide: How To Find Info Relevant ...,Colorado Public Radio,"Jan 6, 2021",2021-01-06,"Beaty/Denverite The first round of Moderna COVID-19 vaccines are 
distributed at the Denver Indian Center, part of the second wave of 
prioritized shots in the...",https://www.cpr.org/2021/01/06/coronavirus-colorado-vaccine-guide-appointments/,"data:image/gif;base64,R0lGODlhAQABAIAAAP///////yH5BAEKAAEALAAAAAABAAEAAAICTAEAOw=="
105,Timeline: COVID-19 vaccination distribution in Texas so far,KXAN,"Jan 12, 2021",2021-01-12,"Timeline: COVID-19 vaccination distribution in Texas so far ... AUSTIN 
(KXAN) — Each week, the state of Texas is expected to receive an allocation 
of vaccine...",https://www.kxan.com/news/coronavirus/timeline-covid-19-vaccination-distribution-in-texas-so-far/,"data:image/gif;base64,R0lGODlhAQABAIAAAP///////yH5BAEKAAEALAAAAAABAAEAAAICTAEAOw=="
106,Coloradans Will Not Need ID To Receive COVID Vaccine,Colorado Public Radio,"Jan 19, 2021",2021-01-19,"Colorado's COVID-19 vaccine providers cannot require people to provide 
proof of identification in order to be inoculated. Scott Bookman, the 
Colorado...",https://www.cpr.org/2021/01/19/colorado-covid-vaccines-id-not-required/,"data:image/gif;base64,R0lGODlhAQABAIAAAP///////yH5BAEKAAEALAAAAAABAAEAAAICTAEAOw=="
107,Austin Public Health Opens COVID-19 Vaccine Pre-Registration,AustinTexas.gov,"Jan 13, 2021",2021-01-13,"Appointments are focused on vulnerable populations in Phase 1B. Austin, 
Texas – Today, Austin Public Health (APH) has opened the COVID-19 online 
vaccine pre-...",https://www.austintexas.gov/news/austin-public-health-opens-covid-19-vaccine-pre-registration,"data:image/gif;base64,R0lGODlhAQABAIAAAP///////yH5BAEKAAEALAAAAAABAAEAAAICTAEAOw=="
108,NC to offer inmates incentives to get COVID shots. Will new plan stem deadly tide?,Charlotte Observer,"Jan 29, 2021",2021-01-29,"The North Carolina National Guard has helped with that effort. The shots 
come at a deadly time. A total of 42 state prison inmates have died due to 
COVID-19 —...",https://www.charlotteobserver.com/news/coronavirus/article248866464.html,"data:image/gif;base64,R0lGODlhAQABAIAAAP///////yH5BAEKAAEALAAAAAABAAEAAAICTAEAOw=="
109,Indy Company Facilitating COVID Vaccine Distribution ...,Inside INdiana Business,"Jan 18, 2021",2021-01-18,"INDIANAPOLIS - An Indianapolis-based revenue cycle management company is 
furthering its partnership with the state to help get the COVID-19 vaccine 
to...",https://www.insideindianabusiness.com/articles/indy-company-facilitating-covid-vaccine-distribution,"data:image/gif;base64,R0lGODlhAQABAIAAAP///////yH5BAEKAAEALAAAAAABAAEAAAICTAEAOw=="
110,Governor Lamont Announces Connecticut Residents Over 75 ...,CT.gov,"Jan 14, 2021",2021-01-14,"... for COVID-19 Vaccination Appointments as State Transitions To Phase 1b 
... that phase 1b of Connecticut's COVID-19 vaccine rollout will begin on 
Monday,...",https://portal.ct.gov/Office-of-the-Governor/News/Press-Releases/2021/01-2021/Governor-Lamont-Announces-Connecticut-Residents-Over-75-Can-Now-Register-for-Appointments,"data:image/gif;base64,R0lGODlhAQABAIAAAP///////yH5BAEKAAEALAAAAAABAAEAAAICTAEAOw=="
111,Exclusive: COVID-19 shots to cost $3 to $10 under African ...,Reuters,"Jan 19, 2021",2021-01-19,"NAIROBI/JOHANNESBURG (Reuters) - African countries will pay between $3 and 
$10 per vaccine dose to access 270 million COVID-19 shots secured this 
month by...",https://www.reuters.com/article/us-health-coronavirus-africa-vaccine-exc-idUSKBN29P0LL,"data:image/gif;base64,R0lGODlhAQABAIAAAP///////yH5BAEKAAEALAAAAAABAAEAAAICTAEAOw=="
112,"East Hartford Vaccination Site Begins on Monday, January 18 ...",East Hartford,"Jan 19, 2021",2021-01-19,"Eligible Connecticut residents can make an appointment online at 
ct.gov/covidvaccine or by phone at 877-918-2224. Eligibility information is 
available at...",https://www.easthartfordct.gov/home/news/east-hartford-vaccination-site-begins-on-monday-january-18-2021,"data:image/gif;base64,R0lGODlhAQABAIAAAP///////yH5BAEKAAEALAAAAAABAAEAAAICTAEAOw=="
113,COVID-19 Vaccines in Pregnant and Breastfeeding People,University of Utah Health,"Jan 20, 2021",2021-01-20,"Despite a lack of safety data on COVID-19 vaccination in pregnancy, there 
are no known risks, and pregnant people should be offered the vaccine. 
Questions to...",https://healthcare.utah.edu/healthfeed/postings/2021/01/covid19-vaccine-pregnancy.php,"data:image/gif;base64,R0lGODlhAQABAIAAAP///////yH5BAEKAAEALAAAAAABAAEAAAICTAEAOw=="
114,Tyler Perry Said He Had These Side Effects From the COVID ...,Best Life,"Jan 27, 2021",2021-01-27,"Jackson, and Arnold Schwarzenegger. This month, another A-lister got the 
shot: filmmaker and actor Tyler Perry. Recently, Perry discussed his 
vaccination...",https://bestlifeonline.com/tyler-perry-side-effects-news/,"data:image/gif;base64,R0lGODlhAQABAIAAAP///////yH5BAEKAAEALAAAAAABAAEAAAICTAEAOw=="
115,“Line jumpers” reportedly used shared code to get New Mexico COVID vaccine early,KRQE,"Jan 6, 2021",2021-01-06,"“Line jumpers” reportedly used shared code to get New Mexico COVID vaccine 
early ... ALBUQUERQUE, N.M. (KRQE) – Health care workers have been getting 
their COVID-...",https://www.krqe.com/health/coronavirus-new-mexico/reported-special-event-codes-allowed-people-to-access-covid-vaccine-early-in-new-mexico/,"data:image/gif;base64,R0lGODlhAQABAIAAAP///////yH5BAEKAAEALAAAAAABAAEAAAICTAEAOw=="
116,Colorado opens call center to provide COVID-19 vaccination information,The Coloradoan,"Jan 25, 2021",2021-01-25,"Colorado has set up a new call center for residents who have questions 
about the COVID-19 vaccine, including how and when they can register to 
receive their...",https://www.coloradoan.com/story/news/local/2021/01/25/colorado-opens-call-center-provide-covid-19-vaccine-information-toll-free-number/4248765001/,"data:image/gif;base64,R0lGODlhAQABAIAAAP///////yH5BAEKAAEALAAAAAABAAEAAAICTAEAOw=="
117,Great Power Competition and the COVID-19 Vaccine Race,The Diplomat,"Jan 29, 2021",2021-01-29,"Great Power Competition and the COVID-19 Vaccine Race. China, Russia, and 
the U.S. are all using vaccines as diplomatic tools, giving a political 
dimension to...",https://thediplomat.com/2021/01/great-power-competition-and-the-covid-19-vaccine-race/,"data:image/gif;base64,R0lGODlhAQABAIAAAP///////yH5BAEKAAEALAAAAAABAAEAAAICTAEAOw=="
118,FDA explains convalescent plasma donor eligibility for COVID ...,Regulatory Affairs Professionals Society,"Jan 18, 2021",2021-01-18,"The US Food and Drug Administration (FDA) last week revised its guidance on 
COVID-19 convalescent plasma to clarify when COVID-19 vaccine recipients 
can...",https://www.raps.org/news-and-articles/news-articles/2021/1/fda-explains-convalescent-plasma-donor-eligibility,"data:image/gif;base64,R0lGODlhAQABAIAAAP///////yH5BAEKAAEALAAAAAABAAEAAAICTAEAOw=="
119,Can I drink alcohol before I get vaccinated? How long does the vaccine work for?,ClickOnDetroit,"Jan 14, 2021",2021-01-14,"Can I drink alcohol before I get vaccinated? How long does the vaccine work 
for? Local 4′s Dr. Frank McGeorge answers viewer questions on the COVID 
vaccine.",https://www.clickondetroit.com/health/good-health/2021/01/15/can-i-drink-alcohol-before-i-get-vaccinated-how-long-does-the-vaccine-work-for/,"data:image/gif;base64,R0lGODlhAQABAIAAAP///////yH5BAEKAAEALAAAAAABAAEAAAICTAEAOw=="
120,Chick-fil-A Manager Called in to Save COVID Vaccine Drive-Thru Struggling with Long Wait Times,People,"Jan 22, 2021",2021-01-22,"After a computer glitch caused a traffic gridlock at a South Carolina 
COVID-19 vaccination site last week, one South Carolina mayor called upon 
a...",https://people.com/food/south-carolina-mayor-calls-chick-fil-a-manager-direct-covid-vaccine-drive-thru/,"data:image/gif;base64,R0lGODlhAQABAIAAAP///////yH5BAEKAAEALAAAAAABAAEAAAICTAEAOw=="
121,How do I get a COVID vaccine from Walgreens?,THV11.com,"Jan 27, 2021",2021-01-27,"Walgreens is offering in-store coronavirus vaccinations at some of its 
locations, but you must first set up an online account and go through a 
pre-screening...",https://www.thv11.com/article/news/health/coronavirus/walgreens-coronavirus-which-locations-offer-vaccinations-tests/91-d4efcbce-71cc-4a51-b60c-29df5e578f80,"data:image/gif;base64,R0lGODlhAQABAIAAAP///////yH5BAEKAAEALAAAAAABAAEAAAICTAEAOw=="
122,"How to get a COVID vaccine or booster in Seattle, King County and Washington state",The Seattle Times,"Jan 25, 2021",2021-01-25,"U.S. health authorities moved to open up COVID booster shots to anyone 12 
years and older on Jan. 5, expanding efforts to get ahead of rising 
coronavirus cases...",https://www.seattletimes.com/seattle-news/health/how-to-get-a-covid-19-vaccine-in-seattle-king-county-and-washington-state/,"data:image/gif;base64,R0lGODlhAQABAIAAAP///////yH5BAEKAAEALAAAAAABAAEAAAICTAEAOw=="
123,"COVID-19 vaccines lies and hoaxes: How to inoculate yourself, family and friends against deadly misinformation",USA Today,"Jan 7, 2021",2021-01-07,"“While we now have COVID-19 vaccines, we also have a vaccine against 
COVID-19 misinformation – critical thinking,” said John Cook, who heads the 
Center for...",https://www.usatoday.com/story/tech/2021/01/07/coronavirus-vaccine-covid-scam-lie-hoax-facebook-instagram-twitter/6556973002/,"data:image/gif;base64,R0lGODlhAQABAIAAAP///////yH5BAEKAAEALAAAAAABAAEAAAICTAEAOw=="
124,What happens if your second dose of COVID vaccine is delayed? Here’s what to know,Miami Herald,"Jan 22, 2021",2021-01-22,"Both coronavirus vaccines authorized for emergency use in the U.S. require 
two doses separated by about one month to offer maximum protection 
against...",https://www.miamiherald.com/news/coronavirus/article248701355.html,"data:image/gif;base64,R0lGODlhAQABAIAAAP///////yH5BAEKAAEALAAAAAABAAEAAAICTAEAOw=="
125,France’s Pasteur Institute abandons its principal Covid-19 vaccine project,France 24,"Jan 25, 2021",2021-01-25,"France's Pasteur Institute said on Monday it was ending development of a 
Covid-19 vaccine with US pharmaceutical company Merck after clinical trial 
results...",https://www.france24.com/en/live-news/20210125-france-s-pasteur-institute-says-it-is-abandoning-its-principal-covid-19-vaccine-project,"data:image/gif;base64,R0lGODlhAQABAIAAAP///////yH5BAEKAAEALAAAAAABAAEAAAICTAEAOw=="
126,Dodger Stadium vaccination site shut down amid protest,Los Angeles Times,"Jan 30, 2021",2021-01-30,"Shop Mask Free Los Angeles organized a protest Saturday at the Dodger 
Stadium COVID-19 vaccination site, rallying against the vaccines, masks and 
lockdowns. (...",https://www.latimes.com/california/story/2021-01-30/dodger-stadiums-covid-19-vaccination-site-shutdown-after-dozens-of-protesters-gather-at-entrance,"data:image/gif;base64,R0lGODlhAQABAIAAAP///////yH5BAEKAAEALAAAAAABAAEAAAICTAEAOw=="
127,"Novavax and J&J COVID-19 vaccines are effective, but the ...",C&EN,"Jan 29, 2021",2021-01-29,"Two more COVID-19 vaccine developers released preliminary results from 
ongoing clinical trials suggesting that their shots are safe and effective.",https://cen.acs.org/pharmaceuticals/vaccines/Novavax-JJ-COVID-19-vaccines/99/web/2021/01,"data:image/gif;base64,R0lGODlhAQABAIAAAP///////yH5BAEKAAEALAAAAAABAAEAAAICTAEAOw=="
128,Out-of-state residents can get COVID vaccine in North Carolina,WLOS,"Jan 9, 2021",2021-01-09,"RALEIGH, N.C. (WLOS) — Residents of neighboring states are able to come 
into North Carolina to get a coronavirus vaccine, according to the 
state's...",https://wlos.com/news/local/out-of-state-residents-can-get-covid-vaccine-in-north-carolina-01-10-2021,"data:image/gif;base64,R0lGODlhAQABAIAAAP///////yH5BAEKAAEALAAAAAABAAEAAAICTAEAOw=="
129,Cuba to test Covid vaccine candidate in Iran,France 24,"Jan 10, 2021",2021-01-10,"Cuba will test its most advanced Covid vaccine candidate, in Iran, ... 
State-run Finlay Vaccine Institute (IFV) and the Pasteur Institute of Iran 
signed an...",https://www.france24.com/en/live-news/20210109-cuba-to-test-covid-vaccine-candidate-in-iran,"data:image/gif;base64,R0lGODlhAQABAIAAAP///////yH5BAEKAAEALAAAAAABAAEAAAICTAEAOw=="
130,Will I need to get the COVID-19 vaccine annually like the flu shot?,ABC4 Utah,"Jan 19, 2021",2021-01-19,"SALT LAKE CITY (ABC4) — The COVID-19 vaccine is very new at this point, so 
it might seem strange to compare it to the flu vaccine, which has been 
around for...",https://www.abc4.com/coronavirus/will-i-need-to-get-the-covid-19-vaccine-annually-like-the-flu-shot/,"data:image/gif;base64,R0lGODlhAQABAIAAAP///////yH5BAEKAAEALAAAAAABAAEAAAICTAEAOw=="
131,Gov. Wolf: COVID-19 Vaccine Gives Us Hope as We Update ...,Governor Tom Wolf,"Jan 8, 2021",2021-01-08,"Getting Pennsylvanians immunized with a safe and effective COVID-19 vaccine 
is an essential step in reducing the number of cases, hospitalizations and 
deaths.",https://www.governor.pa.gov/newsroom/gov-wolf-covid-19-vaccine-gives-us-hope-as-we-update-plans-and-keep-fighting-to-stop-the-virus/,"data:image/gif;base64,R0lGODlhAQABAIAAAP///////yH5BAEKAAEALAAAAAABAAEAAAICTAEAOw=="
132,How to sign up for the Covid vaccine,VTDigger,"Jan 25, 2021",2021-01-25,"Evita Sandoval, of Northern Physical Therapy, fills a syringe at a Covid 
vaccination clinic in Beecher Falls. Photo by Mike Dougherty/VTDigger.",https://vtdigger.org/2021/01/25/covid-vaccine-appointments-vermont/,"data:image/gif;base64,R0lGODlhAQABAIAAAP///////yH5BAEKAAEALAAAAAABAAEAAAICTAEAOw=="
133,"What's taking so long? COVID-19 vaccine rollout in Ohio slowed by holidays, unpredictable shipments",The Columbus Dispatch,"Jan 3, 2021",2021-01-03,"Franklin County Assistant Health Commissioner Alexandria Jones gives a 
COVID-19 vaccine to Whitehall Assistant. As of Thursday, the state had 
vaccinated 119,401...",https://www.dispatch.com/story/news/politics/government/2021/01/03/covid-19-vaccine-rollout-ohio-slowed-holidays-unpredictable-shipments/4099495001/,"data:image/gif;base64,R0lGODlhAQABAIAAAP///////yH5BAEKAAEALAAAAAABAAEAAAICTAEAOw=="
134,Sign up for a Missouri COVID-19 vaccine waiting list here,FOX 2,"Jan 29, 2021",2021-01-29,"Missouri has increased its COVID vaccinations distribution to the St. Louis 
and Kansas City areas. Most of the locations require Missourians to 
pre-register...",https://fox2now.com/news/sign-up-for-a-missouri-covid-19-vaccine-waiting-list-here/,"data:image/gif;base64,R0lGODlhAQABAIAAAP///////yH5BAEKAAEALAAAAAABAAEAAAICTAEAOw=="
135,India drug regulator approves AstraZeneca COVID vaccine ...,Reuters,"Jan 1, 2021",2021-01-01,"NEW DELHI (Reuters) - India's drug regulator on Friday approved a 
coronavirus vaccine developed by AstraZeneca and Oxford University for 
emergency use,...",https://www.reuters.com/article/us-health-coronavirus-india-vaccine-idUSKBN296292,"data:image/gif;base64,R0lGODlhAQABAIAAAP///////yH5BAEKAAEALAAAAAABAAEAAAICTAEAOw=="
136,A Chick-fil-A manager saved a drive-thru Covid-19 vaccination clinic after traffic backed up,CNN,"Jan 31, 2021",2021-01-31,"(CNN) When a South Carolina drive-thru coronavirus vaccine clinic got 
backed up, leaving people waiting for hours, the town mayor decided to call 
in a...",https://www.cnn.com/2021/01/31/us/chick-fil-a-drive-thru-covid-vaccine-trnd/index.html,"data:image/gif;base64,R0lGODlhAQABAIAAAP///////yH5BAEKAAEALAAAAAABAAEAAAICTAEAOw=="
137,Kansas Town Divided On COVID-19 Vaccines Due To False ...,NPR,"Jan 25, 2021",2021-01-25,"""The big difference between 1957 and 2021 is that the polio vaccination 
event was apolitical. The COVID vaccine has gotten political,"" says David 
Webb, a...",https://www.npr.org/2021/01/25/960354929/in-tiny-kansas-town-pandemic-skeptics-abound-amid-false-information-and-politics,"data:image/gif;base64,R0lGODlhAQABAIAAAP///////yH5BAEKAAEALAAAAAABAAEAAAICTAEAOw=="
138,TDH Updates COVID-19 Vaccination Plan,TN.gov,"Jan 22, 2021",2021-01-22,"Vaccination of their parents, caregivers and other household residents will 
help protect these children, as at this time no COVID-19 vaccine has been 
approved...",https://www.tn.gov/health/news/2021/1/22/tdh-updates-covid-19-vaccination-plan.html,"data:image/gif;base64,R0lGODlhAQABAIAAAP///////yH5BAEKAAEALAAAAAABAAEAAAICTAEAOw=="
139,Michigan: 90 percent need COVID vaccine for herd immunity ...,Bridge Michigan,"Jan 20, 2021",2021-01-20,"With a new, faster-moving coronavirus variant now confirmed in Michigan, 
the state is boosting its vaccination goal. The state's lead 
epidemiologist...",https://www.bridgemi.com/michigan-health-watch/michigan-90-percent-need-covid-vaccine-herd-immunity-thats-unlikely,"data:image/gif;base64,R0lGODlhAQABAIAAAP///////yH5BAEKAAEALAAAAAABAAEAAAICTAEAOw=="
140,"The facts you need to know about COVID vaccine eligibility, distribution, safety in Ohio",The Columbus Dispatch,"Jan 23, 2021",2021-01-23,"The facts you need to know about COVID vaccine eligibility, distribution, 
safety in Ohio. Staff Reports. USA TODAY Ohio Network.",https://www.dispatch.com/story/news/coronavirus/2021/01/23/ohio-covid-19-vaccine-facts-know-eligibility-distribution/6657696002/,"data:image/gif;base64,R0lGODlhAQABAIAAAP///////yH5BAEKAAEALAAAAAABAAEAAAICTAEAOw=="
141,"Deprioritized: NC prison inmates not getting COVID vaccine so soon, questions remain about distribution",Carolina Public Press,"Jan 11, 2021",2021-01-11,"Deprioritized: NC prison inmates not getting COVID vaccine so soon, 
questions remain about distribution. Disease experts warn that vaccinating 
prisoners and...",https://carolinapublicpress.org/41335/deprioritized-nc-prison-inmates-not-getting-covid-vaccine-so-soon-questions-remain-about-distribution/,"data:image/gif;base64,R0lGODlhAQABAIAAAP///////yH5BAEKAAEALAAAAAABAAEAAAICTAEAOw=="
142,"COVID-19 vaccines: Here’s how to register for a shot in Chicago, answers to your other questions",Chicago Sun-Times,"Jan 25, 2021",2021-01-25,"Anyone over the age of 5 with a city of Chicago address can get vaccinated 
at any of 6 family vaccination clinics. Registration is required. Pfizer 
and Johnson...",https://chicago.suntimes.com/essential-coronavirus-news/2021/1/25/22249435/where-vaccine-faqs-signup-register-covid-19-seniors-walgreens-jewel-walmart-marianos,"data:image/gif;base64,R0lGODlhAQABAIAAAP///////yH5BAEKAAEALAAAAAABAAEAAAICTAEAOw=="
143,China's Sinovac Covid Vaccine 78% Effective in Brazil Trial ...,Bloomberg.com,"Jan 7, 2021",2021-01-07,"The vaccine developed by China's Sinovac Biotech Ltd. was found to be 78% 
effective against Covid-19 in late-stage trials in Brazil, the most 
definitive...",https://www.bloomberg.com/news/articles/2021-01-07/sinovac-covid-shot-78-effective-in-brazil-trial-folha-reports,"data:image/gif;base64,R0lGODlhAQABAIAAAP///////yH5BAEKAAEALAAAAAABAAEAAAICTAEAOw=="
144,"Pain relief medications like Tylenol and Advil are 'perfectly fine' for COVID-19 vaccine aftereffects, experts say",USA Today,"Jan 29, 2021",2021-01-29,"Avoid pain relief medications just before getting the COVID-19 vaccine, but 
they are ""perfectly fine"" to take after, experts say.",https://www.usatoday.com/story/news/health/2021/01/29/covid-19-tylenol-advil-vaccine-coronavirus-cdc-who/4290975001/,"data:image/gif;base64,R0lGODlhAQABAIAAAP///////yH5BAEKAAEALAAAAAABAAEAAAICTAEAOw=="
145,Moving to phase 1B: CDPHE answers questions about COVID vaccine distribution,9News,"Jan 1, 2021",2021-01-01,"DENVER — As Colorado starts to move into the next phase of COVID-19 vaccine 
distribution, there are a lot of questions about access, vaccine 
availability...",https://www.9news.com/article/news/local/next/vaccine-covid-19-colorado-cdphe/73-d3210031-87a3-40c5-b0c9-911f62871fae,"data:image/gif;base64,R0lGODlhAQABAIAAAP///////yH5BAEKAAEALAAAAAABAAEAAAICTAEAOw=="
146,Moderna believes it could update its coronavirus vaccine without a big new trial,MIT Technology Review,"Jan 13, 2021",2021-01-13,"Covid vaccines reprogrammed to aim at emerging new strains of the virus 
could reach the market quickly, without going through large clinical 
trials,...",https://www.technologyreview.com/2021/01/13/1016098/moderna-variant-coronavirus-vaccine-update/,"data:image/gif;base64,R0lGODlhAQABAIAAAP///////yH5BAEKAAEALAAAAAABAAEAAAICTAEAOw=="
147,Pfizer Will Ship Fewer Covid-19 Vaccine Vials to Account for ‘Extra’ Doses,The New York Times,"Jan 22, 2021",2021-01-22,"Now, it appears, the bill is due. Pfizer plans to count the surprise sixth 
dose toward its previous commitment of 200 million doses of Covid vaccine 
by the end...",https://www.nytimes.com/2021/01/22/health/pfizer-vaccine.html,"data:image/gif;base64,R0lGODlhAQABAIAAAP///////yH5BAEKAAEALAAAAAABAAEAAAICTAEAOw=="
148,Pfizer to Deliver U.S. Vaccine Doses Faster Than Expected,Bloomberg.com,"Jan 26, 2021",2021-01-26,"Pfizer to Deliver U.S. Vaccine Doses Faster Than Expected ... will be able 
to supply the U.S. with 200 million Covid-19 vaccine doses by the end of 
May,...",https://www.bloomberg.com/news/articles/2021-01-26/pfizer-to-deliver-u-s-vaccine-doses-faster-than-expected-ceo,"data:image/gif;base64,R0lGODlhAQABAIAAAP///////yH5BAEKAAEALAAAAAABAAEAAAICTAEAOw=="
149,The Big House has become a COVID vaccine clinic - see inside,Ann Arbor News,"Jan 1, 2021",2021-01-01,"Visitors enter from the Jack Roth Stadium Club entrance as Michigan 
Medicine healthcare workers administer the Pfizer-BioNTech vaccine at a 
COVID-19 vaccine...",https://www.mlive.com/news/ann-arbor/2021/01/the-big-house-has-become-a-covid-vaccine-clinic-see-inside.html,"data:image/gif;base64,R0lGODlhAQABAIAAAP///////yH5BAEKAAEALAAAAAABAAEAAAICTAEAOw=="
150,What to expect if you're getting a COVID vaccine at Music City Center,News Channel 5,"Jan 29, 2021",2021-01-29,"(WTVF) — Starting Saturday, Metro Nashville Public Health will begin 
administering COVID-19 vaccinations at Music City Center in downtown 
Nashville.",https://www.newschannel5.com/news/what-to-expect-if-youre-getting-a-covid-vaccine-at-music-city-center,"data:image/gif;base64,R0lGODlhAQABAIAAAP///////yH5BAEKAAEALAAAAAABAAEAAAICTAEAOw=="
151,"Majority of Employers Will Encourage, Not Require, COVID-19 ...",SHRM,"Jan 6, 2021",2021-01-06,"Majority of Employers Will Encourage, Not Require, COVID-19 Vaccine: SHRM 
Research ... About 40 hospital employees staffed the vaccination clinics,...",https://www.shrm.org/resourcesandtools/hr-topics/employee-relations/pages/majority-of-employers-will-encourage-not-require-covid-19-vaccine-shrm-research.aspx,"data:image/gif;base64,R0lGODlhAQABAIAAAP///////yH5BAEKAAEALAAAAAABAAEAAAICTAEAOw=="
152,COVID Live Updates:Moderna creating combination COVID-flu vaccine,ABC7 New York,"Jan 12, 2021",2021-01-12,"The mRNA vaccines would target the seasonal flu, Nipah virus, and HIV. 
Moderna says one will be a combinatory vaccine that could target both the 
regular...",https://abc7ny.com/covid-in-uk-coronavirus-variant-vaccine/9584793/,"data:image/gif;base64,R0lGODlhAQABAIAAAP///////yH5BAEKAAEALAAAAAABAAEAAAICTAEAOw=="
153,"Del. COVID vaccine rollout: Long waits, registration confusion",WHYY,"Jan 25, 2021",2021-01-25,"Ask us about COVID-19: What questions do you have about the current surge? 
Mass coronavirus vaccine drive-in events for Delaware seniors got off to a 
rocky...",https://whyy.org/articles/5-hour-wait-for-a-coronavirus-vaccine-delaware-residents-say-the-line-is-the-easy-part/,"data:image/gif;base64,R0lGODlhAQABAIAAAP///////yH5BAEKAAEALAAAAAABAAEAAAICTAEAOw=="
154,Recovered From COVID-19? Here's Why You Should Get ...,Verywell Health,"Jan 9, 2021",2021-01-09,"The CDC suggests waiting 90 days after a COVID-19 infection to get the 
vaccine. If you've been infected with COVID-19 and recovered from the 
illness, your...",https://www.verywellhealth.com/covid-19-past-infection-vaccine-recommendation-5094651,"data:image/gif;base64,R0lGODlhAQABAIAAAP///////yH5BAEKAAEALAAAAAABAAEAAAICTAEAOw=="
155,How older adults with chronic illnesses can assess whether to get the Covid-19 vaccine,CNN,"Jan 27, 2021",2021-01-27,"(KHN) As public demand grows for limited supplies of Covid-19 vaccines, ... 
She asked if she can take the vaccine anyway, just in case it might offer 
a...",https://www.cnn.com/2021/01/27/us/elderly-chronic-illnesses-covid-vaccine-khn-wellness-partner/index.html,"data:image/gif;base64,R0lGODlhAQABAIAAAP///////yH5BAEKAAEALAAAAAABAAEAAAICTAEAOw=="
156,South Korea leans on military to accelerate Covid vaccine rollout,Financial Times,"Jan 28, 2021",2021-01-28,"South Korea is depending on the military to help oversee the country's 
coronavirus vaccination programme as Seoul races to make up for a late 
start in...",https://www.ft.com/content/c9d8f4a0-5712-44ed-97f2-361b4cf53bad,"data:image/gif;base64,R0lGODlhAQABAIAAAP///////yH5BAEKAAEALAAAAAABAAEAAAICTAEAOw=="
157,United Airlines CEO wants to make Covid vaccine mandatory for employees,NBC News,"Jan 23, 2021",2021-01-23,"Private U.S. companies can require employees to get vaccinated against 
Covid-19, but are unlikely to do so because of the risks of legal and 
cultural backlash,...",https://www.nbcnews.com/news/us-news/united-airlines-ceo-wants-make-covid-vaccine-mandatory-employees-n1255433,"data:image/gif;base64,R0lGODlhAQABAIAAAP///////yH5BAEKAAEALAAAAAABAAEAAAICTAEAOw=="
158,China Using Anal Swabs for COVID Testing - Coronavirus,WebMD,"Jan 28, 2021",2021-01-28,"Studies show that COVID-19 vaccines can greatly reduce your chances of 
getting infected with the virus. But if you do catch it after you're 
vaccinated, the...",https://www.webmd.com/lung/news/20210128/china-using-anal-swabs-for-covid-testing,"data:image/gif;base64,R0lGODlhAQABAIAAAP///////yH5BAEKAAEALAAAAAABAAEAAAICTAEAOw=="
159,Dr. Fauci Just Warned of This COVID Vaccine Side Effect,Best Life,"Jan 8, 2021",2021-01-08,"In a Jan. 7 interview, Anthony Fauci, MD, director of the National 
Institute of Allergy and Infectious Diseases (NIAID), warned about one 
COVID vaccine side...",https://bestlifeonline.com/fauci-covid-vaccine-side-effects-news/,"data:image/gif;base64,R0lGODlhAQABAIAAAP///////yH5BAEKAAEALAAAAAABAAEAAAICTAEAOw=="
160,"Where to get a COVID-19 vaccine, booster in San Antonio",KSAT 12,"Jan 11, 2021",2021-01-11,"Vaccinations are now available without appointments in many locations ... 
Syringes containing the Pfizer-BioNTech COVID-19 vaccine sit in a tray in a 
vaccination...",https://www.ksat.com/news/local/2021/01/11/heres-how-you-can-register-for-the-covid-19-vaccine-in-san-antonio/,"data:image/gif;base64,R0lGODlhAQABAIAAAP///////yH5BAEKAAEALAAAAAABAAEAAAICTAEAOw=="
161,Can EMS mandate the COVID-19 vaccine for employees?,EMS1,"Jan 14, 2021",2021-01-14,"Can public safety employers require employees to get the COVID-19 vaccine? 
Understanding the legal exemptions to vaccine mandates, and 4 next steps 
for public...",https://www.ems1.com/vaccine/articles/can-public-safety-employers-require-employees-to-get-the-covid-19-vaccine-PE8wBpabH2hhb6bV/,"data:image/gif;base64,R0lGODlhAQABAIAAAP///////yH5BAEKAAEALAAAAAABAAEAAAICTAEAOw=="
162,COVID-19 vaccines and the workplace: Can my employer require that I get the shot?,The Wichita Eagle,"Jan 26, 2021",2021-01-26,"Generally, an employer can require that its workers receive the coronavirus 
vaccine. But there are some exceptions. CRAIG KOHLRUSS ckohlruss@...",https://www.kansas.com/news/coronavirus/article248755690.html,"data:image/gif;base64,R0lGODlhAQABAIAAAP///////yH5BAEKAAEALAAAAAABAAEAAAICTAEAOw=="
163,Volunteer for COVID-19 Vaccination Response | Georgia ...,Georgia Department of Public Health,"Jan 15, 2021",2021-01-15,"Download this pdf file. Volunteer for COVID-19 Vaccination Response. 
Atlanta – The Georgia Department of Public Health (DPH) is receiving offers 
from...",https://dph.georgia.gov/press-releases/2021-01-15/volunteer-covid-19-vaccination-response,"data:image/gif;base64,R0lGODlhAQABAIAAAP///////yH5BAEKAAEALAAAAAABAAEAAAICTAEAOw=="
164,Where can I get a COVID-19 vaccination in Arizona?,azcentral.com and The Arizona Republic,"Jan 12, 2021",2021-01-12,"Pharmacies statewide are offering COVID-19 vaccines to those 16 or 18 and 
older (depending on vaccine type; Pfizer is the only currently approved 
vaccine for 16...",https://www.azcentral.com/story/news/local/arizona-health/2021/01/12/where-to-get-covid-19-vaccination-in-arizona/6638668002/,"data:image/gif;base64,R0lGODlhAQABAIAAAP///////yH5BAEKAAEALAAAAAABAAEAAAICTAEAOw=="
165,Kansas governor lays out timeline for COVID-19 vaccine ...,KWCH,"Jan 8, 2021",2021-01-08,"WICHITA, Kan. (KWCH) - Some elected officials in Kansas voiced their 
concerns over the distribution of the COVID-19 vaccine. They did so on 
Friday during a...",https://www.kwch.com/2021/01/08/frustrations-grow-over-covid-19-vaccine-distribution-in-kansas/,"data:image/gif;base64,R0lGODlhAQABAIAAAP///////yH5BAEKAAEALAAAAAABAAEAAAICTAEAOw=="
166,COVID-19 Vaccinations Begin at UArizona,University of Arizona News,"Jan 19, 2021",2021-01-19,"COVID-19 Vaccinations Begin at UArizona. As Pima County shifts to Phase 1B 
of its vaccination plan, the University of Arizona will serve as a point 
of...",https://news.arizona.edu/story/covid-19-vaccinations-begin-uarizona,"data:image/gif;base64,R0lGODlhAQABAIAAAP///////yH5BAEKAAEALAAAAAABAAEAAAICTAEAOw=="
167,"UPMC Inoculates Remote Employees, While Other Frontline ...",90.5 WESA,"Jan 13, 2021",2021-01-13,"When a UPMC service coordinator received notification this month that it 
was her turn to get the COVID vaccine, she was surprised.",https://www.wesa.fm/science-health-tech/2021-01-13/upmc-inoculates-remote-employees-while-other-frontline-workers-wait-for-covid-vaccine,"data:image/gif;base64,R0lGODlhAQABAIAAAP///////yH5BAEKAAEALAAAAAABAAEAAAICTAEAOw=="
168,Kareem Abdul-Jabbar urges public to get COVID-19 vaccine,NBA.com,"Jan 17, 2021",2021-01-17,"Kareem Abdul-Jabbar has revealed that he received the COVID-19 vaccine and 
is encouraging others to consider doing the same. The Basketball Hall of 
Famer...",https://www.nba.com/news/kareem-abdul-jabbar-urges-public-to-get-covid-19-vaccine,"data:image/gif;base64,R0lGODlhAQABAIAAAP///////yH5BAEKAAEALAAAAAABAAEAAAICTAEAOw=="
169,Where are the Broward County COVID-19 vaccination sites?,WPLG,"Jan 3, 2021",2021-01-03,"– All adults who are Florida residents are now eligible to receive COVID-19 
vaccinations in the state. In Broward County, you can get a shot at a 
growing number...",https://www.local10.com/news/local/2021/01/03/2-drive-through-vaccination-sites-opening-in-broward-county-on-sunday/,"data:image/gif;base64,R0lGODlhAQABAIAAAP///////yH5BAEKAAEALAAAAAABAAEAAAICTAEAOw=="
170,Is it too late to get a flu shot? How might it interfere with the COVID-19 vaccine?,The News & Observer,"Jan 22, 2021",2021-01-22,"The CDC emphasizes that “there is no evidence that getting a flu vaccine 
increases your risk of getting sick from a coronavirus, like the one that 
causes COVID-...",https://www.newsobserver.com/news/coronavirus/article248692250.html,"data:image/gif;base64,R0lGODlhAQABAIAAAP///////yH5BAEKAAEALAAAAAABAAEAAAICTAEAOw=="
171,"As Covid vaccine rollout expands, Black Americans still left behind",NBC News,"Jan 29, 2021",2021-01-29,"Black Americans are still receiving Covid-19 vaccinations at dramatically 
lower rates than white Americans even as the chaotic rollout reaches more 
people,...",https://www.nbcnews.com/health/health-news/covid-vaccine-rollout-expands-black-americans-still-left-behind-n1256089,"data:image/gif;base64,R0lGODlhAQABAIAAAP///////yH5BAEKAAEALAAAAAABAAEAAAICTAEAOw=="
172,Healthcare Worker Proposes to Nurse Boyfriend While Receiving COVID Vaccine: 'A New Chapter',People,"Jan 6, 2021",2021-01-06,"Robbie Vargas-Cortes, a paramedic and EMS supervisor, proposed to boyfriend 
Eric Vanderlee, a nurse, while he was receiving the coronavirus vaccine.",https://people.com/human-interest/healthcare-worker-proposes-nurse-boyfriend-receiving-coronavirus-vaccine/,"data:image/gif;base64,R0lGODlhAQABAIAAAP///////yH5BAEKAAEALAAAAAABAAEAAAICTAEAOw=="
173,"U.S., staying in WHO, to join COVID vaccine push for poor ...",Reuters,"Jan 21, 2021",2021-01-21,"GENEVA (Reuters) - The United States under President Joe Biden intends to 
join the COVAX vaccine facility that aims to deliver coronavirus vaccines 
to poor...",https://www.reuters.com/article/us-health-coronavirus-who-usa-idUSKBN29Q12B,"data:image/gif;base64,R0lGODlhAQABAIAAAP///////yH5BAEKAAEALAAAAAABAAEAAAICTAEAOw=="
174,"Nebraska governor says citizens, legal residents will get ...",The Washington Post,"Jan 6, 2021",2021-01-06,"Asked Monday if undocumented workers at Nebraska meatpacking facilities 
would be getting vaccinated in the state's upcoming distribution efforts, 
Gov.",https://www.washingtonpost.com/nation/2021/01/06/nebraska-covid-vaccine-immigrants-meatpacking/,"data:image/gif;base64,R0lGODlhAQABAIAAAP///////yH5BAEKAAEALAAAAAABAAEAAAICTAEAOw=="
175,Making sense of the lagging U.S. COVID-19 vaccination effort,JHU Hub,"Jan 8, 2021",2021-01-08,"It's been three weeks since the COVID-19 vaccines began arriving at 
hospitals, clinics, and pharmacies. Operation Warp Speed—the U.S. 
vaccination...",https://hub.jhu.edu/2021/01/08/tinglong-dai-stalled-vaccination-rates-covid-19/,"data:image/gif;base64,R0lGODlhAQABAIAAAP///////yH5BAEKAAEALAAAAAABAAEAAAICTAEAOw=="
176,The COVID-19 “Vaccination Line”: An Update on State ...,KFF,"Jan 11, 2021",2021-01-11,"With COVID-19 vaccine rollout already underway, states are still refining 
their priority groups, making updates based on new guidance, vaccine supply 
or...",https://www.kff.org/coronavirus-covid-19/issue-brief/the-covid-19-vaccination-line-an-update-on-state-prioritization-plans/,"data:image/gif;base64,R0lGODlhAQABAIAAAP///////yH5BAEKAAEALAAAAAABAAEAAAICTAEAOw=="
177,Vaccines For Data: Israel's Pfizer Deal Drives Quick Rollout ...,NPR,"Jan 31, 2021",2021-01-31,"Israelis receive a Pfizer-BioNTech COVID-19 vaccine from medical 
professionals at a vaccination center set up on a mall parking lot in 
Givataim, Israel,...",https://www.npr.org/2021/01/31/960819083/vaccines-for-data-israels-pfizer-deal-drives-quick-rollout-and-privacy-worries,"data:image/gif;base64,R0lGODlhAQABAIAAAP///////yH5BAEKAAEALAAAAAABAAEAAAICTAEAOw=="
178,Portuguese nurse dies two days after getting the Pfizer Covid vaccine; no side effects noted,WION,"Jan 22, 2021",2021-01-22,"Update: An earlier version of this story reported the nurse's family's 
claim that she died after receiving the Covid vaccine.",https://www.wionews.com/world/portuguese-nurse-dies-two-days-after-getting-the-pfizer-covid-vaccine-no-side-effects-noted-354526,"data:image/gif;base64,R0lGODlhAQABAIAAAP///////yH5BAEKAAEALAAAAAABAAEAAAICTAEAOw=="
179,Biden's Covid vaccine distribution plan still in flux days before inauguration,CNN,"Jan 11, 2021",2021-01-11,"(CNN) President-elect Joe Biden and his Covid-19 task force are treating 
the ... aim is to release nearly every available dose of the coronavirus 
vaccine...",https://www.cnn.com/2021/01/11/politics/biden-covid-vaccine-plan/index.html,"data:image/gif;base64,R0lGODlhAQABAIAAAP///////yH5BAEKAAEALAAAAAABAAEAAAICTAEAOw=="
180,DCGI Approves Oxford Covishield Vaccine & Bharat Biotech’s Covaxin,The Quint,"Jan 3, 2021",2021-01-03,"COVISHIELD, India's first COVID-19 vaccine is approved, safe, effective and 
ready to roll-out in the coming weeks.” AIIMS Director Dr Randeep Guleria 
said that...",https://www.thequint.com/news/india/dcgi-approves-oxford-covid-19-vaccine-covishield-bharat-biotech-covaxin-for-emergency-use,"data:image/gif;base64,R0lGODlhAQABAIAAAP///////yH5BAEKAAEALAAAAAABAAEAAAICTAEAOw=="
181,Polk fire captain arrested in theft of coronavirus vaccines,Orlando Sentinel,"Jan 27, 2021",2021-01-27,"Polk County Fire Rescue Captain Anthony Damiano was arrested Wednesday 
after being accused of stealing coronavirus vaccines (Photo courtesy of 
Polk County...",https://www.orlandosentinel.com/news/crime/os-ne-polk-captain-arrested-coronavirus-vaccine-theft-20210127-4q6u6sd7wra33h7acrt63y6kcq-story.html,"data:image/gif;base64,R0lGODlhAQABAIAAAP///////yH5BAEKAAEALAAAAAABAAEAAAICTAEAOw=="
182,Granite School District starts COVID-19 vaccinations,KUTV,"Jan 15, 2021",2021-01-15,"Hunter Junior High is one of three locations district staff can come to 
receive COVID-19 vaccines. This first round is for the highest age bracket 
or most...",https://kutv.com/news/coronavirus/granite-school-district-starts-covid-19-vaccinations,"data:image/gif;base64,R0lGODlhAQABAIAAAP///////yH5BAEKAAEALAAAAAABAAEAAAICTAEAOw=="
183,How India is using vaccine diplomacy to recalibrate its ...,The Kathmandu Post,"Jan 26, 2021",2021-01-26,"According to the India's Ministry of External Affairs since January 20, it 
has already shipped Covid-19 vaccines also to Bangladesh, Bhutan, Maldives, 
Mauritius...",https://kathmandupost.com/national/2021/01/26/how-india-is-using-vaccine-diplomacy-to-recalibrate-its-neighbourhood-first-policy,"data:image/gif;base64,R0lGODlhAQABAIAAAP///////yH5BAEKAAEALAAAAAABAAEAAAICTAEAOw=="
184,COVID-19 Vaccine Appointments and Information,Monroe County,"Jan 6, 2021",2021-01-06,"Need help getting a ride to a vaccine clinic? Lyft and Uber are offering 
discounted or free rides to and from COVID-19 vaccination clinics around 
Monroe County;...",https://www.monroecounty.gov/health-covid19-vaccine,"data:image/gif;base64,R0lGODlhAQABAIAAAP///////yH5BAEKAAEALAAAAAABAAEAAAICTAEAOw=="
185,Vaccination Locations,State of Illinois Coronavirus Response,"Jun 11, 2021",2021-06-11,"Anyone, 5 years of age and older, is eligible to receive the COVID-19 
vaccine. Find your nearest vaccination location at vaccines.gov.",https://coronavirus.illinois.gov/vaccines/vaccination-locations.html,"data:image/gif;base64,R0lGODlhAQABAIAAAP///////yH5BAEKAAEALAAAAAABAAEAAAICTAEAOw=="
186,Find a COVID-19 Vaccine in Wyoming,Wyoming Department of Health,"Jan 8, 2021",2021-01-08,"How much do the vaccines cost? COVID-19 vaccines are available at no cost! 
Who is eligible? Anyone ages 5-11 for pediatric Pfizer vaccine. Anyone...",https://health.wyo.gov/publichealth/immunization/wyoming-covid-19-vaccine-information/county-covid-19-vaccine-information/,"data:image/gif;base64,R0lGODlhAQABAIAAAP///////yH5BAEKAAEALAAAAAABAAEAAAICTAEAOw=="
187,Where can I get my vaccine? - Delaware's Coronavirus Official ...,Delaware.gov - Coronavirus,"Jan 19, 2021",2021-01-19,"COVID-19 vaccines are available from hospital systems, pharmacies, some 
doctor's offices, Federally Qualified Health Centers (FQHCs), Division of 
Public...",https://coronavirus.delaware.gov/vaccine/where-can-i-get-my-vaccine/,"data:image/gif;base64,R0lGODlhAQABAIAAAP///////yH5BAEKAAEALAAAAAABAAEAAAICTAEAOw=="
188,Hesitancy lingers around the COVID vaccine,Axios,"Jan 16, 2021",2021-01-16,"Even as government websites crash under the pressure of demand for the 
COVID-19 vaccine, surveys show many Americans — including health care 
workers — still...",https://www.axios.com/2021/01/16/vaccine-hesitancy-covid-coronavirus-immunity,"data:image/gif;base64,R0lGODlhAQABAIAAAP///////yH5BAEKAAEALAAAAAABAAEAAAICTAEAOw=="
189,COVID-19 and Animals,News Medical,"Jan 20, 2021",2021-01-20,"The coronavirus disease 2019 (COVID-19) pandemic is a current global ... of 
some mink-related strains, the protein of the virus is targeted by vaccines.",https://www.news-medical.net/health/COVID-19-and-Animals.aspx,"data:image/gif;base64,R0lGODlhAQABAIAAAP///////yH5BAEKAAEALAAAAAABAAEAAAICTAEAOw=="
190,North Korea begins human testing of its own COVID-19 ...,DailyNK,"Jan 22, 2021",2021-01-22,"North Korea begins human testing of its own COVID-19 vaccine. North Korean 
authorities appear to be conducting trials to manufacture a vaccine 
without...",https://www.dailynk.com/english/north-korea-begins-human-own-covid-19-vaccine/,"data:image/gif;base64,R0lGODlhAQABAIAAAP///////yH5BAEKAAEALAAAAAABAAEAAAICTAEAOw=="
191,Peninsula leaders say they're 'frustrated' about vaccinations,Daily Press,"Jan 19, 2021",2021-01-19,"Pharmacist Charles Rawls III reconstitutes the COVID-19 vaccine for 
Tuesday, December 15, 2020, afternoon's first round of vaccinations given 
to 10 Sentara...",https://www.dailypress.com/news/health/dp-nw-peninsula-vaccination-delay-20210119-nv6qw5dtsnakbgzit45nf7d42m-story.html,"data:image/gif;base64,R0lGODlhAQABAIAAAP///////yH5BAEKAAEALAAAAAABAAEAAAICTAEAOw=="
192,Coronavirus (COVID-19): vaccine,Government of Nova Scotia,"Jan 19, 2021",2021-01-19,"On this page. COVID-19 immunization plan; Approved vaccines; 
Recommendations; Getting the vaccine; Additional doses; Proof of 
vaccination.",https://novascotia.ca/coronavirus/vaccine/,"data:image/gif;base64,R0lGODlhAQABAIAAAP///////yH5BAEKAAEALAAAAAABAAEAAAICTAEAOw=="
193,COVID-19 and Obesity,News Medical,"Jan 21, 2021",2021-01-21,"Some speculation regarding the possibility that vaccines could be less 
effective for obese individuals due to their impaired immune response 
exist, as has been...",https://www.news-medical.net/health/COVID-19-and-Obesity.aspx,"data:image/gif;base64,R0lGODlhAQABAIAAAP///////yH5BAEKAAEALAAAAAABAAEAAAICTAEAOw=="
194,Travel & Visitors - Nevada Health Response,Nevada Health Response,"Jan 2, 2021",2021-01-02,"Delay traveling until you are vaccinated. · Do NOT travel if you are sick, 
have been exposed to someone with COVID-19, or are experiencing COVID-19 
symptoms.",https://nvhealthresponse.nv.gov/travel-visitors/,"data:image/gif;base64,R0lGODlhAQABAIAAAP///////yH5BAEKAAEALAAAAAABAAEAAAICTAEAOw=="
195,Regulatory approval of Spikevax (formerly COVID-19 Vaccine ...,GOV.UK,"Jan 8, 2021",2021-01-08,"The 15-minute observation period following vaccination with COVID-19 
Vaccine Pfizer/BioNTech or Moderna has been removed for individuals aged 12 
years and...",https://www.gov.uk/government/publications/regulatory-approval-of-covid-19-vaccine-moderna,"data:image/gif;base64,R0lGODlhAQABAIAAAP///////yH5BAEKAAEALAAAAAABAAEAAAICTAEAOw=="
196,Hong Kong locks down thousands for compulsory COVID-19 ...,Nikkei Asia,"Jan 23, 2021",2021-01-23,"Read Next · Coronavirus · Charting COVID-19 vaccinations around the world: 
Infographics · Coronavirus: Free to read · Coronavirus: Week of Jan. 17 to 
Jan. 23, WHO...",https://asia.nikkei.com/Spotlight/Coronavirus/Hong-Kong-locks-down-thousands-for-compulsory-COVID-19-testing,"data:image/gif;base64,R0lGODlhAQABAIAAAP///////yH5BAEKAAEALAAAAAABAAEAAAICTAEAOw=="
197,Japan government to shoulder all costs associated with ...,The Straits Times,"Jan 26, 2021",2021-01-26,"TOKYO (REUTERS) - Japan's central government will shoulder all costs 
associated with coronavirus vaccinations, vaccine programme chief Taro Kono 
said on...",https://www.straitstimes.com/asia/east-asia/japan-central-government-to-shoulder-all-costs-associated-with-coronavirus,"data:image/gif;base64,R0lGODlhAQABAIAAAP///////yH5BAEKAAEALAAAAAABAAEAAAICTAEAOw=="
198,COVID-19 Deepens Global Inequality,The ASEAN Post,"Jan 26, 2021",2021-01-26,"Yesterday, the World Health Organisation (WHO) warned that the COVID-19 
vaccine divide between rich and poor nations is worsening by the day.",https://theaseanpost.com/article/covid-19-deepens-global-inequality,"data:image/gif;base64,R0lGODlhAQABAIAAAP///////yH5BAEKAAEALAAAAAABAAEAAAICTAEAOw=="
199,What is the Clinical Impact of COVID-19 on Cancer Patients?,News Medical,"Jan 21, 2021",2021-01-21,"As of January 18, 2021, the novel severe acute respiratory syndrome 
coronavirus 2 (SARS-CoV-2) infected over 95 million people around the world 
and was...",https://www.news-medical.net/health/What-is-the-Clinical-Impact-of-COVID-19-on-Cancer-Patients.aspx,"data:image/gif;base64,R0lGODlhAQABAIAAAP///////yH5BAEKAAEALAAAAAABAAEAAAICTAEAOw=="
